0,-2.9, 1.14189e-12, -1.5708,
16,-2.89799, 6.4079e-09, -1.5712,
32,-2.89716, 1.33525e-08, -1.5709,
48,-2.89515, 1.86592e-08, -1.57087,
64,-2.89314, 2.13578e-08, -1.57084,
80,-2.89113, 1.26154e-08, -1.57081,
96,-2.88912, -6.77175e-09, -1.57079,
112,-2.88711, -3.59132e-08, -1.57078,
128,-2.8851, -7.38269e-08, -1.57078,
144,-2.88309, -1.12739e-07, -1.57077,
160,-2.88108, -1.65206e-07, -1.57077,
176,-2.87907, -2.22665e-07, -1.57077,
192,-2.87706, -2.83839e-07, -1.57077,
208,-2.87505, -3.47394e-07, -1.57077,
224,-2.87304, -4.11938e-07, -1.57077,
240,-2.87103, -4.76365e-07, -1.57077,
256,-2.86902, -5.40297e-07, -1.57077,
272,-2.86701, -6.03401e-07, -1.57077,
288,-2.865, -6.65388e-07, -1.57077,
304,-2.86299, -7.26006e-07, -1.57077,
320,-2.86098, -7.85035e-07, -1.57077,
336,-2.85897, -8.41905e-07, -1.57077,
352,-2.85696, -8.95427e-07, -1.57077,
368,-2.85495, -9.44449e-07, -1.57077,
384,-2.85295, -9.87875e-07, -1.57078,
400,-2.85094, -1.02468e-06, -1.57078,
416,-2.84893, -1.05394e-06, -1.57079,
432,-2.84692, -1.07481e-06, -1.57079,
448,-2.84491, -1.08659e-06, -1.5708,
464,-2.8429, -1.08867e-06, -1.5708,
480,-2.84089, -1.08026e-06, -1.57081,
496,-2.83888, -1.06175e-06, -1.57081,
512,-2.83687, -1.03256e-06, -1.57082,
528,-2.83486, -9.92644e-07, -1.57082,
544,-2.83285, -9.42092e-07, -1.57083,
560,-2.83084, -8.81149e-07, -1.57083,
576,-2.82883, -8.10197e-07, -1.57084,
592,-2.82682, -7.29758e-07, -1.57084,
608,-2.82481, -6.40483e-07, -1.57084,
624,-2.8228, -5.43147e-07, -1.57085,
640,-2.82079, -4.38647e-07, -1.57085,
656,-2.81878, -3.27985e-07, -1.57085,
672,-2.81677, -2.12263e-07, -1.57085,
688,-2.81476, -9.26699e-08, -1.57086,
704,-2.81275, 2.95296e-08, -1.57086,
720,-2.81074, 1.53008e-07, -1.57086,
736,-2.80873, 2.76394e-07, -1.57086,
752,-2.80672, 3.99286e-07, -1.57086,
768,-2.80471, 5.21361e-07, -1.57086,
784,-2.80271, 6.42337e-07, -1.57086,
800,-2.8007, 7.61962e-07, -1.57086,
816,-2.79869, 8.8002e-07, -1.57086,
832,-2.79668, 9.96189e-07, -1.57085,
848,-2.79467, 1.10932e-06, -1.57085,
864,-2.79266, 1.21825e-06, -1.57085,
880,-2.79065, 1.32187e-06, -1.57085,
896,-2.78864, 1.41913e-06, -1.57084,
912,-2.78663, 1.50909e-06, -1.57084,
928,-2.78462, 1.59087e-06, -1.57084,
944,-2.78261, 1.66374e-06, -1.57083,
960,-2.7806, 1.72706e-06, -1.57083,
976,-2.77859, 1.78033e-06, -1.57082,
992,-2.77658, 1.8232e-06, -1.57081,
1008,-2.77457, 1.85544e-06, -1.57081,
1024,-2.77256, 1.87696e-06, -1.5708,
1040,-2.77055, 1.88783e-06, -1.5708,
1056,-2.76854, 1.88824e-06, -1.57079,
1072,-2.76653, 1.87855e-06, -1.57079,
1088,-2.76452, 1.85924e-06, -1.57078,
1104,-2.76251, 1.83092e-06, -1.57078,
1120,-2.7605, 1.79433e-06, -1.57078,
1136,-2.75849, 1.75033e-06, -1.57077,
1152,-2.75648, 1.69991e-06, -1.57077,
1168,-2.75447, 1.64412e-06, -1.57077,
1184,-2.75247, 1.58414e-06, -1.57077,
1200,-2.75046, 1.5212e-06, -1.57077,
1216,-2.74845, 1.45662e-06, -1.57077,
1232,-2.74644, 1.39174e-06, -1.57077,
1248,-2.74443, 1.32743e-06, -1.57077,
1264,-2.74242, 1.26362e-06, -1.57077,
1280,-2.74041, 1.20084e-06, -1.57077,
1296,-2.7384, 1.13933e-06, -1.57077,
1312,-2.73639, 1.07933e-06, -1.57077,
1328,-2.73438, 1.02105e-06, -1.57077,
1344,-2.73237, 9.65468e-07, -1.57077,
1360,-2.73036, 9.13746e-07, -1.57077,
1376,-2.72835, 8.67017e-07, -1.57078,
1392,-2.72634, 8.2635e-07, -1.57078,
1408,-2.72433, 7.9273e-07, -1.57078,
1424,-2.72232, 7.67047e-07, -1.57079,
1440,-2.72031, 7.50087e-07, -1.57079,
1456,-2.7183, 7.42515e-07, -1.5708,
1472,-2.71629, 7.4487e-07, -1.5708,
1488,-2.71428, 7.57558e-07, -1.57081,
1504,-2.71227, 7.80847e-07, -1.57081,
1520,-2.71026, 8.14862e-07, -1.57082,
1536,-2.70825, 8.59588e-07, -1.57082,
1552,-2.70624, 9.14861e-07, -1.57083,
1568,-2.70423, 9.80379e-07, -1.57083,
1584,-2.70222, 1.0557e-06, -1.57084,
1600,-2.70022, 1.14025e-06, -1.57084,
1616,-2.69821, 1.23331e-06, -1.57085,
1632,-2.6962, 1.33406e-06, -1.57085,
1648,-2.69419, 1.44156e-06, -1.57085,
1664,-2.69218, 1.55475e-06, -1.57085,
1680,-2.69017, 1.6725e-06, -1.57086,
1696,-2.68816, 1.79359e-06, -1.57086,
1712,-2.68615, 1.91671e-06, -1.57086,
1728,-2.68414, 2.04051e-06, -1.57086,
1744,-2.68213, 2.16404e-06, -1.57086,
1760,-2.68012, 2.28693e-06, -1.57086,
1776,-2.67811, 2.40888e-06, -1.57086,
1792,-2.6761, 2.52963e-06, -1.57086,
1808,-2.67409, 2.64894e-06, -1.57086,
1824,-2.67208, 2.7666e-06, -1.57085,
1840,-2.67007, 2.88193e-06, -1.57085,
1856,-2.66806, 2.99374e-06, -1.57085,
1872,-2.66605, 3.1009e-06, -1.57085,
1888,-2.66404, 3.20232e-06, -1.57084,
1904,-2.66203, 3.29699e-06, -1.57084,
1920,-2.66002, 3.38399e-06, -1.57084,
1936,-2.65801, 3.4625e-06, -1.57083,
1952,-2.656, 3.53183e-06, -1.57083,
1968,-2.65399, 3.5914e-06, -1.57082,
1984,-2.65198, 3.64076e-06, -1.57082,
2000,-2.64998, 3.6796e-06, -1.57081,
2016,-2.64797, 3.70776e-06, -1.57081,
2032,-2.64596, 3.7252e-06, -1.5708,
2048,-2.64395, 3.73205e-06, -1.5708,
2064,-2.64194, 3.72857e-06, -1.57079,
2080,-2.63993, 3.71515e-06, -1.57079,
2096,-2.63792, 3.69233e-06, -1.57078,
2112,-2.63591, 3.66078e-06, -1.57078,
2128,-2.6339, 3.62129e-06, -1.57078,
2144,-2.63189, 3.57476e-06, -1.57077,
2160,-2.62988, 3.5222e-06, -1.57077,
2176,-2.62787, 3.46474e-06, -1.57077,
2192,-2.62586, 3.40357e-06, -1.57077,
2208,-2.62385, 3.33996e-06, -1.57077,
2224,-2.62184, 3.27524e-06, -1.57077,
2240,-2.61983, 3.21069e-06, -1.57077,
2256,-2.61782, 3.14667e-06, -1.57077,
2272,-2.61581, 3.08351e-06, -1.57077,
2288,-2.6138, 3.02148e-06, -1.57077,
2304,-2.61179, 2.96083e-06, -1.57077,
2320,-2.60978, 2.90177e-06, -1.57077,
2336,-2.60777, 2.84471e-06, -1.57077,
2352,-2.60576, 2.79083e-06, -1.57077,
2368,-2.60375, 2.74129e-06, -1.57077,
2384,-2.60174, 2.6972e-06, -1.57078,
2400,-2.59974, 2.6596e-06, -1.57078,
2416,-2.59773, 2.62942e-06, -1.57079,
2432,-2.59572, 2.60751e-06, -1.57079,
2448,-2.59371, 2.59462e-06, -1.57079,
2464,-2.5917, 2.59135e-06, -1.5708,
2480,-2.58969, 2.59818e-06, -1.5708,
2496,-2.58768, 2.61546e-06, -1.57081,
2512,-2.58567, 2.64341e-06, -1.57081,
2528,-2.58366, 2.68207e-06, -1.57082,
2544,-2.58165, 2.73139e-06, -1.57082,
2560,-2.57964, 2.79112e-06, -1.57083,
2576,-2.57763, 2.86092e-06, -1.57083,
2592,-2.57562, 2.94028e-06, -1.57084,
2608,-2.57361, 3.02857e-06, -1.57084,
2624,-2.5716, 3.12503e-06, -1.57085,
2640,-2.56959, 3.22878e-06, -1.57085,
2656,-2.56758, 3.33884e-06, -1.57085,
2672,-2.56557, 3.45412e-06, -1.57085,
2688,-2.56356, 3.57345e-06, -1.57086,
2704,-2.56155, 3.69556e-06, -1.57086,
2720,-2.55954, 3.81916e-06, -1.57086,
2736,-2.55753, 3.94287e-06, -1.57086,
2752,-2.55552, 4.06614e-06, -1.57086,
2768,-2.55351, 4.18865e-06, -1.57086,
2784,-2.5515, 4.31011e-06, -1.57086,
2800,-2.5495, 4.43026e-06, -1.57086,
2816,-2.54749, 4.54888e-06, -1.57086,
2832,-2.54548, 4.66574e-06, -1.57086,
2848,-2.54347, 4.77976e-06, -1.57085,
2864,-2.54146, 4.8898e-06, -1.57085,
2880,-2.53945, 4.99471e-06, -1.57085,
2896,-2.53744, 5.09346e-06, -1.57084,
2912,-2.53543, 5.18505e-06, -1.57084,
2928,-2.53342, 5.26861e-06, -1.57084,
2944,-2.53141, 5.34337e-06, -1.57083,
2960,-2.5294, 5.40867e-06, -1.57083,
2976,-2.52739, 5.464e-06, -1.57082,
2992,-2.52538, 5.50897e-06, -1.57082,
3008,-2.52374, 5.29108e-06, -1.58362,
3024,-2.52209, 2.72958e-05, -1.59645,
3040,-2.52045, 7.31196e-05, -1.60932,
3056,-2.5188, 0.000142426, -1.6222,
3072,-2.51716, 0.000234533, -1.63509,
3088,-2.51551, 0.000348475, -1.64803,
3104,-2.51387, 0.000484114, -1.66096,
3120,-2.51223, 0.000641231, -1.67387,
3136,-2.5106, 0.000819625, -1.68675,
3152,-2.50896, 0.00101912, -1.69962,
3168,-2.50733, 0.00123955, -1.71247,
3184,-2.5057, 0.00148079, -1.72532,
3200,-2.50408, 0.00174276, -1.73815,
3216,-2.50246, 0.00202538, -1.75098,
3232,-2.50084, 0.00232846, -1.76381,
3248,-2.49923, 0.00265208, -1.77663,
3264,-2.49762, 0.00299637, -1.78945,
3280,-2.49601, 0.00336127, -1.80226,
3296,-2.49441, 0.00374671, -1.81507,
3312,-2.49282, 0.00415264, -1.82789,
3328,-2.49123, 0.004579, -1.8407,
3344,-2.48965, 0.00502571, -1.85351,
3360,-2.48807, 0.00549271, -1.86632,
3376,-2.4865, 0.00597993, -1.87913,
3392,-2.48493, 0.00648728, -1.89194,
3408,-2.48337, 0.00701468, -1.90475,
3424,-2.48182, 0.00756204, -1.91756,
3440,-2.48028, 0.00812927, -1.93038,
3456,-2.47874, 0.00871627, -1.94319,
3472,-2.47721, 0.00932295, -1.956,
3488,-2.47569, 0.00994919, -1.96881,
3504,-2.47417, 0.0105949, -1.98163,
3520,-2.47267, 0.0112599, -1.99444,
3536,-2.47117, 0.0119442, -2.00725,
3552,-2.46969, 0.0126476, -2.02007,
3568,-2.46821, 0.01337, -2.03288,
3584,-2.46674, 0.0141112, -2.04569,
3600,-2.46528, 0.0148712, -2.05851,
3616,-2.46383, 0.0156497, -2.07132,
3632,-2.46239, 0.0164468, -2.08413,
3648,-2.46096, 0.0172621, -2.09694,
3664,-2.45954, 0.0180957, -2.10975,
3680,-2.45813, 0.0189473, -2.12257,
3696,-2.45674, 0.0198167, -2.13538,
3712,-2.45535, 0.020704, -2.14819,
3728,-2.45398, 0.0216088, -2.161,
3744,-2.45262, 0.0225312, -2.1738,
3760,-2.45127, 0.0234709, -2.18661,
3776,-2.44993, 0.0244278, -2.19942,
3792,-2.4486, 0.0254017, -2.21223,
3808,-2.44729, 0.0263925, -2.22504,
3824,-2.44599, 0.0274001, -2.23784,
3840,-2.4447, 0.0284242, -2.25065,
3856,-2.44343, 0.0294647, -2.26345,
3872,-2.44217, 0.0305214, -2.27626,
3888,-2.44092, 0.0315942, -2.28906,
3904,-2.43968, 0.0326837, -2.30187,
3920,-2.43847, 0.033789, -2.31468,
3936,-2.43726, 0.0349097, -2.32748,
3952,-2.43607, 0.0360458, -2.34029,
3968,-2.43489, 0.0371971, -2.35309,
3984,-2.43373, 0.0383633, -2.3659,
4000,-2.43259, 0.0395444, -2.3787,
4016,-2.43146, 0.04074, -2.39151,
4032,-2.43034, 0.04195, -2.40431,
4048,-2.42924, 0.0431742, -2.41712,
4064,-2.42816, 0.0444124, -2.42993,
4080,-2.42709, 0.0456644, -2.44274,
4096,-2.42604, 0.04693, -2.45555,
4112,-2.425, 0.048209, -2.46836,
4128,-2.42398, 0.0495011, -2.48117,
4144,-2.42298, 0.0508063, -2.49398,
4160,-2.422, 0.0521242, -2.50679,
4176,-2.42103, 0.0534546, -2.5196,
4192,-2.42007, 0.0547974, -2.53242,
4208,-2.41914, 0.0561523, -2.54523,
4224,-2.41822, 0.0575191, -2.55805,
4240,-2.41732, 0.0588975, -2.57087,
4256,-2.41644, 0.0602861, -2.58369,
4272,-2.41558, 0.0616859, -2.59651,
4288,-2.41473, 0.0630967, -2.60933,
4304,-2.41391, 0.0645182, -2.62216,
4320,-2.4131, 0.0659501, -2.63498,
4336,-2.41231, 0.0673923, -2.64781,
4352,-2.41153, 0.0688446, -2.66064,
4368,-2.41078, 0.0703066, -2.67347,
4384,-2.41004, 0.0717782, -2.6863,
4400,-2.40933, 0.073259, -2.69913,
4416,-2.40863, 0.0747489, -2.71196,
4432,-2.40795, 0.0762476, -2.72479,
4448,-2.4073, 0.0777549, -2.73763,
4464,-2.40666, 0.0792704, -2.75047,
4480,-2.40604, 0.080794, -2.7633,
4496,-2.40544, 0.0823254, -2.77614,
4512,-2.40486, 0.0838644, -2.78898,
4528,-2.4043, 0.0854106, -2.80182,
4544,-2.40376, 0.0869659, -2.81467,
4560,-2.40324, 0.0885281, -2.82751,
4576,-2.40274, 0.0900968, -2.84035,
4592,-2.40226, 0.0916719, -2.8532,
4608,-2.4018, 0.0932531, -2.86605,
4624,-2.40136, 0.0948401, -2.8789,
4640,-2.40094, 0.0964327, -2.89175,
4656,-2.40054, 0.0980306, -2.90461,
4672,-2.40016, 0.0996336, -2.91746,
4688,-2.3998, 0.101241, -2.93033,
4704,-2.39947, 0.102854, -2.94319,
4720,-2.39915, 0.10447, -2.95606,
4736,-2.39886, 0.106091, -2.96893,
4752,-2.39858, 0.107716, -2.98181,
4768,-2.39833, 0.109344, -2.99469,
4784,-2.3981, 0.110975, -3.00758,
4800,-2.39789, 0.11261, -3.02049,
4816,-2.3977, 0.114248, -3.0334,
4832,-2.39753, 0.115888, -3.04633,
4848,-2.39738, 0.117531, -3.05927,
4864,-2.39725, 0.119176, -3.07225,
4880,-2.39715, 0.120824, -3.08525,
4896,-2.39706, 0.122475, -3.09831,
4912,-2.397, 0.124128, -3.11144,
4928,-2.39696, 0.125787, -3.12471,
4944,-2.39694, 0.127452, -3.13822,
4960,-2.39695, 0.129117, 3.13148,
4976,-2.39697, 0.130771, 3.11836,
4992,-2.39702, 0.132416, 3.10557,
5008,-2.3971, 0.134423, 3.10555,
5024,-2.39718, 0.13643, 3.10557,
5040,-2.39726, 0.138437, 3.10563,
5056,-2.39733, 0.140444, 3.10571,
5072,-2.39741, 0.142452, 3.10582,
5088,-2.39748, 0.144459, 3.10592,
5104,-2.39755, 0.146467, 3.10601,
5120,-2.39763, 0.148475, 3.10611,
5136,-2.3977, 0.150483, 3.10619,
5152,-2.39777, 0.152491, 3.10627,
5168,-2.39784, 0.154499, 3.10633,
5184,-2.39791, 0.156507, 3.10638,
5200,-2.39798, 0.158515, 3.10643,
5216,-2.39805, 0.160523, 3.10647,
5232,-2.39812, 0.162532, 3.1065,
5248,-2.39819, 0.16454, 3.10652,
5264,-2.39826, 0.166548, 3.10654,
5280,-2.39833, 0.168557, 3.10656,
5296,-2.3984, 0.170565, 3.10657,
5312,-2.39847, 0.172574, 3.10657,
5328,-2.39854, 0.174582, 3.10658,
5344,-2.39861, 0.17659, 3.10658,
5360,-2.39868, 0.178598, 3.10658,
5376,-2.39876, 0.180607, 3.10658,
5392,-2.39883, 0.182615, 3.10658,
5408,-2.3989, 0.184624, 3.10657,
5424,-2.39897, 0.186632, 3.10657,
5440,-2.39904, 0.18864, 3.10657,
5456,-2.39911, 0.190649, 3.10656,
5472,-2.39918, 0.192657, 3.10656,
5488,-2.39925, 0.194666, 3.10656,
5504,-2.39932, 0.196674, 3.10656,
5520,-2.39939, 0.198683, 3.10655,
5536,-2.39946, 0.200691, 3.10655,
5552,-2.39953, 0.202699, 3.10655,
5568,-2.3996, 0.204708, 3.10655,
5584,-2.39967, 0.206716, 3.10655,
5600,-2.39974, 0.208725, 3.10654,
5616,-2.39981, 0.210733, 3.10654,
5632,-2.39988, 0.212742, 3.10654,
5648,-2.39995, 0.21475, 3.10654,
5664,-2.40002, 0.216759, 3.10655,
5680,-2.40009, 0.218767, 3.10655,
5696,-2.40016, 0.220776, 3.10655,
5712,-2.40023, 0.222784, 3.10655,
5728,-2.4003, 0.224792, 3.10656,
5744,-2.40037, 0.226801, 3.10656,
5760,-2.40044, 0.228809, 3.10656,
5776,-2.40051, 0.230818, 3.10656,
5792,-2.40059, 0.232826, 3.10657,
5808,-2.40066, 0.234835, 3.10657,
5824,-2.40073, 0.236843, 3.10657,
5840,-2.4008, 0.238851, 3.10658,
5856,-2.40087, 0.24086, 3.10658,
5872,-2.40094, 0.242868, 3.10658,
5888,-2.40101, 0.244877, 3.10658,
5904,-2.40108, 0.246885, 3.10659,
5920,-2.40115, 0.248893, 3.10659,
5936,-2.40122, 0.250902, 3.10659,
5952,-2.40129, 0.25291, 3.10659,
5968,-2.40136, 0.254918, 3.1066,
5984,-2.40143, 0.256927, 3.10659,
6000,-2.4015, 0.258935, 3.10659,
6016,-2.40157, 0.260944, 3.10659,
6032,-2.40164, 0.262952, 3.10659,
6048,-2.40171, 0.26496, 3.10658,
6064,-2.40178, 0.266969, 3.10658,
6080,-2.40185, 0.268977, 3.10658,
6096,-2.40192, 0.270986, 3.10658,
6112,-2.40199, 0.272994, 3.10657,
6128,-2.40206, 0.275003, 3.10657,
6144,-2.40213, 0.277011, 3.10657,
6160,-2.4022, 0.27902, 3.10658,
6176,-2.40227, 0.281028, 3.10658,
6192,-2.40234, 0.283037, 3.10658,
6208,-2.40241, 0.285045, 3.10658,
6224,-2.40248, 0.287053, 3.10658,
6240,-2.40255, 0.289062, 3.10659,
6256,-2.40263, 0.29107, 3.10659,
6272,-2.4027, 0.293079, 3.10659,
6288,-2.40277, 0.295087, 3.10659,
6304,-2.40284, 0.297095, 3.10659,
6320,-2.40291, 0.299104, 3.10658,
6336,-2.40298, 0.301112, 3.10658,
6352,-2.40305, 0.30312, 3.10658,
6368,-2.40312, 0.305129, 3.10658,
6384,-2.40319, 0.307137, 3.10657,
6400,-2.40326, 0.309145, 3.10657,
6416,-2.40333, 0.311154, 3.10657,
6432,-2.4034, 0.313162, 3.10656,
6448,-2.40347, 0.315171, 3.10656,
6464,-2.40354, 0.317179, 3.10656,
6480,-2.40361, 0.319187, 3.10656,
6496,-2.40368, 0.321196, 3.10655,
6512,-2.40375, 0.323204, 3.10655,
6528,-2.40382, 0.325213, 3.10655,
6544,-2.40389, 0.327221, 3.10655,
6560,-2.40396, 0.32923, 3.10654,
6576,-2.40403, 0.331238, 3.10654,
6592,-2.4041, 0.333247, 3.10654,
6608,-2.40417, 0.335255, 3.10654,
6624,-2.40424, 0.337263, 3.10654,
6640,-2.40431, 0.339272, 3.10654,
6656,-2.40438, 0.34128, 3.10654,
6672,-2.40446, 0.343289, 3.10654,
6688,-2.40453, 0.345297, 3.10654,
6704,-2.4046, 0.347306, 3.10655,
6720,-2.40467, 0.349314, 3.10655,
6736,-2.40474, 0.351323, 3.10655,
6752,-2.40481, 0.353331, 3.10655,
6768,-2.40488, 0.355339, 3.10656,
6784,-2.40495, 0.357348, 3.10656,
6800,-2.40502, 0.359356, 3.10656,
6816,-2.40509, 0.361365, 3.10657,
6832,-2.40516, 0.363373, 3.10657,
6848,-2.40523, 0.365382, 3.10657,
6864,-2.4053, 0.36739, 3.10657,
6880,-2.40537, 0.369398, 3.10658,
6896,-2.40544, 0.371407, 3.10658,
6912,-2.40551, 0.373415, 3.10658,
6928,-2.40558, 0.375423, 3.10659,
6944,-2.40565, 0.377432, 3.10659,
6960,-2.40572, 0.37944, 3.10659,
6976,-2.40579, 0.381448, 3.10659,
6992,-2.40586, 0.383457, 3.10659,
7008,-2.40593, 0.385465, 3.10659,
7024,-2.406, 0.387474, 3.10658,
7040,-2.40607, 0.389482, 3.10658,
7056,-2.40614, 0.391491, 3.10658,
7072,-2.40621, 0.393499, 3.10657,
7088,-2.40628, 0.395507, 3.10657,
7104,-2.40636, 0.397516, 3.10657,
7120,-2.40643, 0.399524, 3.10657,
7136,-2.4065, 0.401533, 3.10657,
7152,-2.40657, 0.403541, 3.10657,
7168,-2.40664, 0.40555, 3.10657,
7184,-2.40671, 0.407558, 3.10657,
7200,-2.40678, 0.409567, 3.10658,
7216,-2.40685, 0.411575, 3.10658,
7232,-2.40692, 0.413584, 3.10658,
7248,-2.40699, 0.415592, 3.10658,
7264,-2.40706, 0.4176, 3.10659,
7280,-2.40713, 0.419609, 3.10659,
7296,-2.4072, 0.421617, 3.10659,
7312,-2.40727, 0.423625, 3.10658,
7328,-2.40734, 0.425634, 3.10658,
7344,-2.40741, 0.427642, 3.10658,
7360,-2.40748, 0.42965, 3.10657,
7376,-2.40755, 0.431659, 3.10657,
7392,-2.40762, 0.433667, 3.10657,
7408,-2.40769, 0.435676, 3.10657,
7424,-2.40776, 0.437684, 3.10656,
7440,-2.40783, 0.439692, 3.10656,
7456,-2.4079, 0.441701, 3.10656,
7472,-2.40797, 0.443709, 3.10656,
7488,-2.40804, 0.445718, 3.10655,
7504,-2.40811, 0.447726, 3.10655,
7520,-2.40818, 0.449735, 3.10655,
7536,-2.40825, 0.451743, 3.10655,
7552,-2.40833, 0.453751, 3.10654,
7568,-2.4084, 0.45576, 3.10654,
7584,-2.40847, 0.457768, 3.10654,
7600,-2.40854, 0.459777, 3.10654,
7616,-2.40861, 0.461785, 3.10654,
7632,-2.40868, 0.463794, 3.10654,
7648,-2.40875, 0.465802, 3.10654,
7664,-2.40882, 0.467811, 3.10654,
7680,-2.40889, 0.469819, 3.10654,
7696,-2.40896, 0.471827, 3.10654,
7712,-2.40903, 0.473836, 3.10655,
7728,-2.4091, 0.475844, 3.10655,
7744,-2.40917, 0.477853, 3.10655,
7760,-2.40924, 0.479861, 3.10655,
7776,-2.40931, 0.48187, 3.10656,
7792,-2.40938, 0.483878, 3.10656,
7808,-2.40945, 0.485886, 3.10656,
7824,-2.40952, 0.487895, 3.10657,
7840,-2.40959, 0.489903, 3.10657,
7856,-2.40966, 0.491912, 3.10657,
7872,-2.40973, 0.49392, 3.10657,
7888,-2.4098, 0.495928, 3.10658,
7904,-2.40987, 0.497937, 3.10658,
7920,-2.40994, 0.499945, 3.10658,
7936,-2.41001, 0.501953, 3.10658,
7952,-2.41009, 0.503962, 3.10659,
7968,-2.41016, 0.50597, 3.10659,
7984,-2.41023, 0.507979, 3.10659,
8000,-2.4103, 0.509987, 3.10658,
8016,-2.41037, 0.511995, 3.10658,
8032,-2.41044, 0.514004, 3.10658,
8048,-2.41051, 0.516012, 3.10658,
8064,-2.41058, 0.518021, 3.10657,
8080,-2.41065, 0.520029, 3.10657,
8096,-2.41072, 0.522038, 3.10657,
8112,-2.41079, 0.524046, 3.10657,
8128,-2.41086, 0.526055, 3.10657,
8144,-2.41093, 0.528063, 3.10657,
8160,-2.411, 0.530071, 3.10657,
8176,-2.41107, 0.53208, 3.10657,
8192,-2.41114, 0.534088, 3.10657,
8208,-2.41121, 0.536097, 3.10657,
8224,-2.41128, 0.538105, 3.10658,
8240,-2.41135, 0.540114, 3.10658,
8256,-2.41142, 0.542122, 3.10658,
8272,-2.41149, 0.544131, 3.10658,
8288,-2.41156, 0.546139, 3.10658,
8304,-2.41163, 0.548147, 3.10658,
8320,-2.4117, 0.550156, 3.10658,
8336,-2.41177, 0.552164, 3.10657,
8352,-2.41184, 0.554172, 3.10657,
8368,-2.41191, 0.556181, 3.10657,
8384,-2.41198, 0.558189, 3.10657,
8400,-2.41206, 0.560197, 3.10656,
8416,-2.41213, 0.562206, 3.10656,
8432,-2.4122, 0.564214, 3.10656,
8448,-2.41227, 0.566222, 3.10655,
8464,-2.41234, 0.568231, 3.10655,
8480,-2.41241, 0.570239, 3.10655,
8496,-2.41248, 0.572248, 3.10655,
8512,-2.41255, 0.574256, 3.10654,
8528,-2.41262, 0.576265, 3.10654,
8544,-2.41269, 0.578273, 3.10654,
8560,-2.41276, 0.580282, 3.10654,
8576,-2.41283, 0.58229, 3.10654,
8592,-2.4129, 0.584298, 3.10654,
8608,-2.41297, 0.586307, 3.10653,
8624,-2.41304, 0.588315, 3.10653,
8640,-2.41311, 0.590324, 3.10653,
8656,-2.41318, 0.592332, 3.10653,
8672,-2.41325, 0.594341, 3.10654,
8688,-2.41332, 0.596349, 3.10654,
8704,-2.41339, 0.598358, 3.10654,
8720,-2.41346, 0.600366, 3.10654,
8736,-2.41353, 0.602374, 3.10654,
8752,-2.4136, 0.604383, 3.10655,
8768,-2.41367, 0.606391, 3.10655,
8784,-2.41375, 0.6084, 3.10655,
8800,-2.41382, 0.610408, 3.10656,
8816,-2.41389, 0.612417, 3.10656,
8832,-2.41396, 0.614425, 3.10656,
8848,-2.41403, 0.616433, 3.10656,
8864,-2.4141, 0.618442, 3.10657,
8880,-2.41417, 0.62045, 3.10657,
8896,-2.41424, 0.622459, 3.10657,
8912,-2.41431, 0.624467, 3.10658,
8928,-2.41438, 0.626475, 3.10658,
8944,-2.41445, 0.628484, 3.10658,
8960,-2.41452, 0.630492, 3.10658,
8976,-2.41459, 0.6325, 3.10658,
8992,-2.41466, 0.634509, 3.10658,
9008,-2.41473, 0.636517, 3.10658,
9024,-2.4148, 0.638526, 3.10658,
9040,-2.41487, 0.640534, 3.10657,
9056,-2.41494, 0.642542, 3.10657,
9072,-2.41501, 0.644551, 3.10657,
9088,-2.41508, 0.646559, 3.10657,
9104,-2.41515, 0.648568, 3.10656,
9120,-2.41522, 0.650576, 3.10656,
9136,-2.41529, 0.652585, 3.10656,
9152,-2.41536, 0.654593, 3.10656,
9168,-2.41543, 0.656602, 3.10656,
9184,-2.4155, 0.65861, 3.10657,
9200,-2.41557, 0.660619, 3.10657,
9216,-2.41565, 0.662627, 3.10657,
9232,-2.41572, 0.664635, 3.10657,
9248,-2.41579, 0.666644, 3.10658,
9264,-2.41586, 0.668652, 3.10658,
9280,-2.41593, 0.670661, 3.10658,
9296,-2.416, 0.672669, 3.10658,
9312,-2.41607, 0.674677, 3.10658,
9328,-2.41614, 0.676686, 3.10657,
9344,-2.41621, 0.678694, 3.10657,
9360,-2.41628, 0.680702, 3.10657,
9376,-2.41635, 0.682711, 3.10657,
9392,-2.41642, 0.684719, 3.10656,
9408,-2.41649, 0.686727, 3.10656,
9424,-2.41656, 0.688736, 3.10656,
9440,-2.41663, 0.690744, 3.10655,
9456,-2.4167, 0.692753, 3.10655,
9472,-2.41677, 0.694761, 3.10655,
9488,-2.41684, 0.69677, 3.10655,
9504,-2.41691, 0.698778, 3.10654,
9520,-2.41698, 0.700786, 3.10654,
9536,-2.41705, 0.702795, 3.10654,
9552,-2.41712, 0.704803, 3.10654,
9568,-2.41719, 0.706812, 3.10654,
9584,-2.41726, 0.70882, 3.10653,
9600,-2.41733, 0.710829, 3.10653,
9616,-2.4174, 0.712837, 3.10653,
9632,-2.41748, 0.714845, 3.10653,
9648,-2.41755, 0.716854, 3.10653,
9664,-2.41762, 0.718862, 3.10653,
9680,-2.41769, 0.720871, 3.10653,
9696,-2.41776, 0.722879, 3.10654,
9712,-2.41783, 0.724888, 3.10654,
9728,-2.4179, 0.726896, 3.10654,
9744,-2.41797, 0.728905, 3.10654,
9760,-2.41804, 0.730913, 3.10655,
9776,-2.41811, 0.732921, 3.10655,
9792,-2.41818, 0.73493, 3.10655,
9808,-2.41825, 0.736938, 3.10655,
9824,-2.41832, 0.738947, 3.10656,
9840,-2.41839, 0.740955, 3.10656,
9856,-2.41846, 0.742964, 3.10656,
9872,-2.41853, 0.744972, 3.10657,
9888,-2.4186, 0.74698, 3.10657,
9904,-2.41867, 0.748989, 3.10657,
9920,-2.41874, 0.750997, 3.10657,
9936,-2.41881, 0.753005, 3.10658,
9952,-2.41888, 0.755014, 3.10658,
9968,-2.41895, 0.757022, 3.10658,
9984,-2.41902, 0.75903, 3.10658,
10000,-2.41909, 0.761039, 3.10658,
10016,-2.41916, 0.763047, 3.10657,
10032,-2.41924, 0.765056, 3.10657,
10048,-2.41931, 0.767064, 3.10657,
10064,-2.41938, 0.769073, 3.10657,
10080,-2.41945, 0.771081, 3.10656,
10096,-2.41952, 0.77309, 3.10656,
10112,-2.41959, 0.775098, 3.10656,
10128,-2.41966, 0.777106, 3.10656,
10144,-2.41973, 0.779115, 3.10656,
10160,-2.4198, 0.781123, 3.10656,
10176,-2.41987, 0.783132, 3.10656,
10192,-2.41994, 0.78514, 3.10656,
10208,-2.42001, 0.787149, 3.10657,
10224,-2.42008, 0.789157, 3.10657,
10240,-2.42015, 0.791166, 3.10657,
10256,-2.42022, 0.793174, 3.10657,
10272,-2.42029, 0.795182, 3.10658,
10288,-2.42036, 0.797191, 3.10658,
10304,-2.42043, 0.799199, 3.10657,
10320,-2.4205, 0.801207, 3.10657,
10336,-2.42057, 0.803216, 3.10657,
10352,-2.42064, 0.805224, 3.10657,
10368,-2.42071, 0.807232, 3.10656,
10384,-2.42078, 0.809241, 3.10656,
10400,-2.42085, 0.811249, 3.10656,
10416,-2.42092, 0.813258, 3.10655,
10432,-2.42099, 0.815266, 3.10655,
10448,-2.42107, 0.817274, 3.10655,
10464,-2.42114, 0.819283, 3.10655,
10480,-2.42121, 0.821291, 3.10654,
10496,-2.42128, 0.8233, 3.10654,
10512,-2.42135, 0.825308, 3.10654,
10528,-2.42142, 0.827317, 3.10654,
10544,-2.42149, 0.829325, 3.10653,
10560,-2.42156, 0.831333, 3.10653,
10576,-2.42163, 0.833342, 3.10653,
10592,-2.4217, 0.83535, 3.10653,
10608,-2.42177, 0.837359, 3.10653,
10624,-2.42184, 0.839367, 3.10653,
10640,-2.42191, 0.841376, 3.10653,
10656,-2.42198, 0.843384, 3.10653,
10672,-2.42205, 0.845393, 3.10653,
10688,-2.42212, 0.847401, 3.10653,
10704,-2.42219, 0.849409, 3.10653,
10720,-2.42226, 0.851418, 3.10653,
10736,-2.42233, 0.853426, 3.10654,
10752,-2.4224, 0.855435, 3.10654,
10768,-2.42247, 0.857443, 3.10654,
10784,-2.42254, 0.859452, 3.10655,
10800,-2.42261, 0.86146, 3.10655,
10816,-2.42269, 0.863468, 3.10655,
10832,-2.42276, 0.865477, 3.10655,
10848,-2.42283, 0.867485, 3.10656,
10864,-2.4229, 0.869494, 3.10656,
10880,-2.42297, 0.871502, 3.10656,
10896,-2.42304, 0.87351, 3.10657,
10912,-2.42311, 0.875519, 3.10657,
10928,-2.42318, 0.877527, 3.10657,
10944,-2.42325, 0.879535, 3.10657,
10960,-2.42332, 0.881544, 3.10658,
10976,-2.42339, 0.883552, 3.10658,
10992,-2.42346, 0.885561, 3.10658,
11008,-2.42353, 0.887569, 3.10657,
11024,-2.4236, 0.889577, 3.10657,
11040,-2.42367, 0.891586, 3.10657,
11056,-2.42374, 0.893594, 3.10656,
11072,-2.42381, 0.895603, 3.10656,
11088,-2.42388, 0.897611, 3.10656,
11104,-2.42395, 0.89962, 3.10656,
11120,-2.42402, 0.901628, 3.10656,
11136,-2.42409, 0.903637, 3.10656,
11152,-2.42416, 0.905645, 3.10656,
11168,-2.42423, 0.907653, 3.10656,
11184,-2.4243, 0.909662, 3.10656,
11200,-2.42437, 0.91167, 3.10656,
11216,-2.42444, 0.913679, 3.10656,
11232,-2.42452, 0.915687, 3.10657,
11248,-2.42459, 0.917696, 3.10657,
11264,-2.42466, 0.919704, 3.10657,
11280,-2.42473, 0.921713, 3.10657,
11296,-2.4248, 0.923721, 3.10657,
11312,-2.42487, 0.925729, 3.10657,
11328,-2.42494, 0.927737, 3.10657,
11344,-2.42501, 0.929746, 3.10656,
11360,-2.42508, 0.931754, 3.10656,
11376,-2.42515, 0.933762, 3.10656,
11392,-2.42522, 0.935771, 3.10655,
11408,-2.42529, 0.937779, 3.10655,
11424,-2.42536, 0.939788, 3.10655,
11440,-2.42543, 0.941796, 3.10655,
11456,-2.4255, 0.943805, 3.10654,
11472,-2.42557, 0.945813, 3.10654,
11488,-2.42564, 0.947821, 3.10654,
11504,-2.42571, 0.94983, 3.10654,
11520,-2.42578, 0.951838, 3.10653,
11536,-2.42585, 0.953847, 3.10653,
11552,-2.42592, 0.955855, 3.10653,
11568,-2.42599, 0.957864, 3.10653,
11584,-2.42606, 0.959872, 3.10653,
11600,-2.42613, 0.96188, 3.10652,
11616,-2.4262, 0.963889, 3.10652,
11632,-2.42628, 0.965897, 3.10652,
11648,-2.42635, 0.967906, 3.10652,
11664,-2.42642, 0.969914, 3.10652,
11680,-2.42649, 0.971923, 3.10653,
11696,-2.42656, 0.973931, 3.10653,
11712,-2.42663, 0.97594, 3.10653,
11728,-2.4267, 0.977948, 3.10653,
11744,-2.42677, 0.979956, 3.10653,
11760,-2.42684, 0.981965, 3.10654,
11776,-2.42691, 0.983973, 3.10654,
11792,-2.42698, 0.985982, 3.10654,
11808,-2.42705, 0.98799, 3.10655,
11824,-2.42712, 0.989999, 3.10655,
11840,-2.42719, 0.992007, 3.10655,
11856,-2.42726, 0.994015, 3.10655,
11872,-2.42733, 0.996024, 3.10656,
11888,-2.4274, 0.998032, 3.10656,
11904,-2.42747, 1.00004, 3.10656,
11920,-2.42754, 1.00205, 3.10657,
11936,-2.42761, 1.00406, 3.10657,
11952,-2.42768, 1.00607, 3.10657,
11968,-2.42775, 1.00807, 3.10657,
11984,-2.42782, 1.01008, 3.10657,
12000,-2.42789, 1.01209, 3.10657,
12016,-2.42797, 1.0141, 3.10657,
12032,-2.42804, 1.01611, 3.10656,
12048,-2.42811, 1.01812, 3.10656,
12064,-2.42818, 1.02012, 3.10656,
12080,-2.42825, 1.02213, 3.10656,
12096,-2.42832, 1.02414, 3.10655,
12112,-2.42839, 1.02615, 3.10655,
12128,-2.42846, 1.02816, 3.10655,
12144,-2.42853, 1.03017, 3.10655,
12160,-2.4286, 1.03218, 3.10655,
12176,-2.42867, 1.03418, 3.10655,
12192,-2.42874, 1.03619, 3.10656,
12208,-2.42881, 1.0382, 3.10656,
12224,-2.42888, 1.04021, 3.10656,
12240,-2.42895, 1.04222, 3.10656,
12256,-2.42902, 1.04423, 3.10657,
12272,-2.42909, 1.04623, 3.10657,
12288,-2.42916, 1.04824, 3.10657,
12304,-2.42923, 1.05025, 3.10657,
12320,-2.4293, 1.05226, 3.10656,
12336,-2.42937, 1.05427, 3.10656,
12352,-2.42944, 1.05628, 3.10656,
12368,-2.42951, 1.05828, 3.10656,
12384,-2.42958, 1.06029, 3.10655,
12400,-2.42965, 1.0623, 3.10655,
12416,-2.42972, 1.06431, 3.10655,
12432,-2.4298, 1.06632, 3.10654,
12448,-2.42987, 1.06833, 3.10654,
12464,-2.42994, 1.07033, 3.10654,
12480,-2.43001, 1.07234, 3.10654,
12496,-2.43008, 1.07435, 3.10653,
12512,-2.43015, 1.07636, 3.10653,
12528,-2.43022, 1.07837, 3.10653,
12544,-2.43029, 1.08038, 3.10653,
12560,-2.43036, 1.08239, 3.10653,
12576,-2.43043, 1.08439, 3.10652,
12592,-2.4305, 1.0864, 3.10652,
12608,-2.43057, 1.08841, 3.10652,
12624,-2.43064, 1.09042, 3.10652,
12640,-2.43071, 1.09243, 3.10652,
12656,-2.43078, 1.09444, 3.10652,
12672,-2.43085, 1.09644, 3.10652,
12688,-2.43092, 1.09845, 3.10652,
12704,-2.43099, 1.10046, 3.10652,
12720,-2.43106, 1.10247, 3.10653,
12736,-2.43113, 1.10448, 3.10653,
12752,-2.4312, 1.10649, 3.10653,
12768,-2.43127, 1.10849, 3.10654,
12784,-2.43135, 1.1105, 3.10654,
12800,-2.43142, 1.11251, 3.10654,
12816,-2.43149, 1.11452, 3.10654,
12832,-2.43156, 1.11653, 3.10655,
12848,-2.43163, 1.11854, 3.10655,
12864,-2.4317, 1.12055, 3.10655,
12880,-2.43177, 1.12255, 3.10656,
12896,-2.43184, 1.12456, 3.10656,
12912,-2.43191, 1.12657, 3.10656,
12928,-2.43198, 1.12858, 3.10656,
12944,-2.43205, 1.13059, 3.10657,
12960,-2.43212, 1.1326, 3.10657,
12976,-2.43219, 1.1346, 3.10657,
12992,-2.43226, 1.13661, 3.10657,
13008,-2.43233, 1.13862, 3.10657,
13024,-2.4324, 1.14063, 3.10656,
13040,-2.43247, 1.14264, 3.10656,
