time;true_x_rob0; true_y_rob0; true_heading_rob0
0;-2.9; 1.14189e-12; -1.5708
0.016;-2.89799; 6.4079e-09; -1.5712
0.032;-2.89716; 1.33525e-08; -1.5709
0.048;-2.89515; 1.86592e-08; -1.57087
0.064;-2.89314; 2.13578e-08; -1.57084
0.08;-2.89113; 1.26154e-08; -1.57081
0.096;-2.88912; -6.77175e-09; -1.57079
0.112;-2.88711; -3.59132e-08; -1.57078
0.128;-2.8851; -7.38269e-08; -1.57078
0.144;-2.88309; -1.12739e-07; -1.57077
0.16;-2.88108; -1.65206e-07; -1.57077
0.176;-2.87907; -2.22665e-07; -1.57077
0.192;-2.87706; -2.83839e-07; -1.57077
0.208;-2.87505; -3.47394e-07; -1.57077
0.224;-2.87304; -4.11938e-07; -1.57077
0.24;-2.87103; -4.76365e-07; -1.57077
0.256;-2.86902; -5.40297e-07; -1.57077
0.272;-2.86701; -6.03401e-07; -1.57077
0.288;-2.865; -6.65388e-07; -1.57077
0.304;-2.86299; -7.26006e-07; -1.57077
0.32;-2.86098; -7.85035e-07; -1.57077
0.336;-2.85897; -8.41905e-07; -1.57077
0.352;-2.85696; -8.95427e-07; -1.57077
0.368;-2.85495; -9.44449e-07; -1.57077
0.384;-2.85295; -9.87875e-07; -1.57078
0.4;-2.85094; -1.02468e-06; -1.57078
0.416;-2.84893; -1.05394e-06; -1.57079
0.432;-2.84692; -1.07481e-06; -1.57079
0.448;-2.84491; -1.08659e-06; -1.5708
0.464;-2.8429; -1.08867e-06; -1.5708
0.48;-2.84089; -1.08026e-06; -1.57081
0.496;-2.83888; -1.06175e-06; -1.57081
0.512;-2.83687; -1.03256e-06; -1.57082
0.528;-2.83486; -9.92644e-07; -1.57082
0.544;-2.83285; -9.42092e-07; -1.57083
0.56;-2.83084; -8.81149e-07; -1.57083
0.576;-2.82883; -8.10197e-07; -1.57084
0.592;-2.82682; -7.29758e-07; -1.57084
0.608;-2.82481; -6.40483e-07; -1.57084
0.624;-2.8228; -5.43147e-07; -1.57085
0.64;-2.82079; -4.38647e-07; -1.57085
0.656;-2.81878; -3.27985e-07; -1.57085
0.672;-2.81677; -2.12263e-07; -1.57085
0.688;-2.81476; -9.26699e-08; -1.57086
0.704;-2.81275; 2.95296e-08; -1.57086
0.72;-2.81074; 1.53008e-07; -1.57086
0.736;-2.80873; 2.76394e-07; -1.57086
0.752;-2.80672; 3.99286e-07; -1.57086
0.768;-2.80471; 5.21361e-07; -1.57086
0.784;-2.80271; 6.42337e-07; -1.57086
0.8;-2.8007; 7.61962e-07; -1.57086
0.816;-2.79869; 8.8002e-07; -1.57086
0.831999;-2.79668; 9.96189e-07; -1.57085
0.847999;-2.79467; 1.10932e-06; -1.57085
0.863999;-2.79266; 1.21825e-06; -1.57085
0.879999;-2.79065; 1.32187e-06; -1.57085
0.895999;-2.78864; 1.41913e-06; -1.57084
0.911999;-2.78663; 1.50909e-06; -1.57084
0.927999;-2.78462; 1.59087e-06; -1.57084
0.943999;-2.78261; 1.66374e-06; -1.57083
0.959999;-2.7806; 1.72706e-06; -1.57083
0.975999;-2.77859; 1.78033e-06; -1.57082
0.991999;-2.77658; 1.8232e-06; -1.57081
1.008;-2.77457; 1.85544e-06; -1.57081
1.024;-2.77256; 1.87696e-06; -1.5708
1.04;-2.77055; 1.88783e-06; -1.5708
1.056;-2.76854; 1.88824e-06; -1.57079
1.072;-2.76653; 1.87855e-06; -1.57079
1.088;-2.76452; 1.85924e-06; -1.57078
1.104;-2.76251; 1.83092e-06; -1.57078
1.12;-2.7605; 1.79433e-06; -1.57078
1.136;-2.75849; 1.75033e-06; -1.57077
1.152;-2.75648; 1.69991e-06; -1.57077
1.168;-2.75447; 1.64412e-06; -1.57077
1.184;-2.75247; 1.58414e-06; -1.57077
1.2;-2.75046; 1.5212e-06; -1.57077
1.216;-2.74845; 1.45662e-06; -1.57077
1.232;-2.74644; 1.39174e-06; -1.57077
1.248;-2.74443; 1.32743e-06; -1.57077
1.264;-2.74242; 1.26362e-06; -1.57077
1.28;-2.74041; 1.20084e-06; -1.57077
1.296;-2.7384; 1.13933e-06; -1.57077
1.312;-2.73639; 1.07933e-06; -1.57077
1.328;-2.73438; 1.02105e-06; -1.57077
1.344;-2.73237; 9.65468e-07; -1.57077
1.36;-2.73036; 9.13746e-07; -1.57077
1.376;-2.72835; 8.67017e-07; -1.57078
1.392;-2.72634; 8.2635e-07; -1.57078
1.408;-2.72433; 7.9273e-07; -1.57078
1.424;-2.72232; 7.67047e-07; -1.57079
1.44;-2.72031; 7.50087e-07; -1.57079
1.456;-2.7183; 7.42515e-07; -1.5708
1.472;-2.71629; 7.4487e-07; -1.5708
1.488;-2.71428; 7.57558e-07; -1.57081
1.504;-2.71227; 7.80847e-07; -1.57081
1.52;-2.71026; 8.14862e-07; -1.57082
1.536;-2.70825; 8.59588e-07; -1.57082
1.552;-2.70624; 9.14861e-07; -1.57083
1.568;-2.70423; 9.80379e-07; -1.57083
1.584;-2.70222; 1.0557e-06; -1.57084
1.6;-2.70022; 1.14025e-06; -1.57084
1.616;-2.69821; 1.23331e-06; -1.57085
1.632;-2.6962; 1.33406e-06; -1.57085
1.648;-2.69419; 1.44156e-06; -1.57085
1.664;-2.69218; 1.55475e-06; -1.57085
1.68;-2.69017; 1.6725e-06; -1.57086
1.696;-2.68816; 1.79359e-06; -1.57086
1.712;-2.68615; 1.91671e-06; -1.57086
1.728;-2.68414; 2.04051e-06; -1.57086
1.744;-2.68213; 2.16404e-06; -1.57086
1.76;-2.68012; 2.28693e-06; -1.57086
1.776;-2.67811; 2.40888e-06; -1.57086
1.792;-2.6761; 2.52963e-06; -1.57086
1.808;-2.67409; 2.64894e-06; -1.57086
1.824;-2.67208; 2.7666e-06; -1.57085
1.84;-2.67007; 2.88193e-06; -1.57085
1.856;-2.66806; 2.99374e-06; -1.57085
1.872;-2.66605; 3.1009e-06; -1.57085
1.888;-2.66404; 3.20232e-06; -1.57084
1.904;-2.66203; 3.29699e-06; -1.57084
1.92;-2.66002; 3.38399e-06; -1.57084
1.936;-2.65801; 3.4625e-06; -1.57083
1.952;-2.656; 3.53183e-06; -1.57083
1.968;-2.65399; 3.5914e-06; -1.57082
1.984;-2.65198; 3.64076e-06; -1.57082
2;-2.64998; 3.6796e-06; -1.57081
2.016;-2.64797; 3.70776e-06; -1.57081
2.032;-2.64596; 3.7252e-06; -1.5708
2.048;-2.64395; 3.73205e-06; -1.5708
2.064;-2.64194; 3.72857e-06; -1.57079
2.08;-2.63993; 3.71515e-06; -1.57079
2.096;-2.63792; 3.69233e-06; -1.57078
2.112;-2.63591; 3.66078e-06; -1.57078
2.128;-2.6339; 3.62129e-06; -1.57078
2.144;-2.63189; 3.57476e-06; -1.57077
2.16;-2.62988; 3.5222e-06; -1.57077
2.176;-2.62787; 3.46474e-06; -1.57077
2.192;-2.62586; 3.40357e-06; -1.57077
2.208;-2.62385; 3.33996e-06; -1.57077
2.224;-2.62184; 3.27524e-06; -1.57077
2.24;-2.61983; 3.21069e-06; -1.57077
2.256;-2.61782; 3.14667e-06; -1.57077
2.272;-2.61581; 3.08351e-06; -1.57077
2.288;-2.6138; 3.02148e-06; -1.57077
2.304;-2.61179; 2.96083e-06; -1.57077
2.32;-2.60978; 2.90177e-06; -1.57077
2.336;-2.60777; 2.84471e-06; -1.57077
2.352;-2.60576; 2.79083e-06; -1.57077
2.368;-2.60375; 2.74129e-06; -1.57077
2.384;-2.60174; 2.6972e-06; -1.57078
2.4;-2.59974; 2.6596e-06; -1.57078
2.416;-2.59773; 2.62942e-06; -1.57079
2.432;-2.59572; 2.60751e-06; -1.57079
2.448;-2.59371; 2.59462e-06; -1.57079
2.464;-2.5917; 2.59135e-06; -1.5708
2.48;-2.58969; 2.59818e-06; -1.5708
2.496;-2.58768; 2.61546e-06; -1.57081
2.512;-2.58567; 2.64341e-06; -1.57081
2.528;-2.58366; 2.68207e-06; -1.57082
2.544;-2.58165; 2.73139e-06; -1.57082
2.56;-2.57964; 2.79112e-06; -1.57083
2.576;-2.57763; 2.86092e-06; -1.57083
2.592;-2.57562; 2.94028e-06; -1.57084
2.608;-2.57361; 3.02857e-06; -1.57084
2.624;-2.5716; 3.12503e-06; -1.57085
2.64;-2.56959; 3.22878e-06; -1.57085
2.656;-2.56758; 3.33884e-06; -1.57085
2.672;-2.56557; 3.45412e-06; -1.57085
2.688;-2.56356; 3.57345e-06; -1.57086
2.704;-2.56155; 3.69556e-06; -1.57086
2.72;-2.55954; 3.81916e-06; -1.57086
2.736;-2.55753; 3.94287e-06; -1.57086
2.752;-2.55552; 4.06614e-06; -1.57086
2.768;-2.55351; 4.18865e-06; -1.57086
2.784;-2.5515; 4.31011e-06; -1.57086
2.8;-2.5495; 4.43026e-06; -1.57086
2.816;-2.54749; 4.54888e-06; -1.57086
2.832;-2.54548; 4.66574e-06; -1.57086
2.848;-2.54347; 4.77976e-06; -1.57085
2.864;-2.54146; 4.8898e-06; -1.57085
2.88;-2.53945; 4.99471e-06; -1.57085
2.896;-2.53744; 5.09346e-06; -1.57084
2.912;-2.53543; 5.18505e-06; -1.57084
2.928;-2.53342; 5.26861e-06; -1.57084
2.944;-2.53141; 5.34337e-06; -1.57083
2.96;-2.5294; 5.40867e-06; -1.57083
2.976;-2.52739; 5.464e-06; -1.57082
2.992;-2.52538; 5.50897e-06; -1.57082
3.008;-2.52374; 5.29108e-06; -1.58362
3.024;-2.52209; 2.72958e-05; -1.59645
3.04;-2.52045; 7.31196e-05; -1.60932
3.056;-2.5188; 0.000142426; -1.6222
3.072;-2.51716; 0.000234533; -1.63509
3.088;-2.51551; 0.000348475; -1.64803
3.104;-2.51387; 0.000484114; -1.66096
3.12;-2.51223; 0.000641231; -1.67387
3.136;-2.5106; 0.000819625; -1.68675
3.152;-2.50896; 0.00101912; -1.69962
3.168;-2.50733; 0.00123955; -1.71247
3.184;-2.5057; 0.00148079; -1.72532
3.2;-2.50408; 0.00174276; -1.73815
3.216;-2.50246; 0.00202538; -1.75098
3.232;-2.50084; 0.00232846; -1.76381
3.248;-2.49923; 0.00265208; -1.77663
3.264;-2.49762; 0.00299637; -1.78945
3.28;-2.49601; 0.00336127; -1.80226
3.296;-2.49441; 0.00374671; -1.81507
3.312;-2.49282; 0.00415264; -1.82789
3.328;-2.49123; 0.004579; -1.8407
3.344;-2.48965; 0.00502571; -1.85351
3.36;-2.48807; 0.00549271; -1.86632
3.376;-2.4865; 0.00597993; -1.87913
3.392;-2.48493; 0.00648728; -1.89194
3.408;-2.48337; 0.00701468; -1.90475
3.424;-2.48182; 0.00756204; -1.91756
3.44;-2.48028; 0.00812927; -1.93038
3.456;-2.47874; 0.00871627; -1.94319
3.472;-2.47721; 0.00932295; -1.956
3.488;-2.47569; 0.00994919; -1.96881
3.504;-2.47417; 0.0105949; -1.98163
3.52;-2.47267; 0.0112599; -1.99444
3.536;-2.47117; 0.0119442; -2.00725
3.552;-2.46969; 0.0126476; -2.02007
3.568;-2.46821; 0.01337; -2.03288
3.584;-2.46674; 0.0141112; -2.04569
3.6;-2.46528; 0.0148712; -2.05851
3.616;-2.46383; 0.0156497; -2.07132
3.632;-2.46239; 0.0164468; -2.08413
3.648;-2.46096; 0.0172621; -2.09694
3.664;-2.45954; 0.0180957; -2.10975
3.68;-2.45813; 0.0189473; -2.12257
3.696;-2.45674; 0.0198167; -2.13538
3.712;-2.45535; 0.020704; -2.14819
3.728;-2.45398; 0.0216088; -2.161
3.744;-2.45262; 0.0225312; -2.1738
3.76;-2.45127; 0.0234709; -2.18661
3.776;-2.44993; 0.0244278; -2.19942
3.792;-2.4486; 0.0254017; -2.21223
3.808;-2.44729; 0.0263925; -2.22504
3.824;-2.44599; 0.0274001; -2.23784
3.84;-2.4447; 0.0284242; -2.25065
3.856;-2.44343; 0.0294647; -2.26345
3.872;-2.44217; 0.0305214; -2.27626
3.88801;-2.44092; 0.0315942; -2.28906
3.90401;-2.43968; 0.0326837; -2.30187
3.92001;-2.43847; 0.033789; -2.31468
3.93601;-2.43726; 0.0349097; -2.32748
3.95201;-2.43607; 0.0360458; -2.34029
3.96801;-2.43489; 0.0371971; -2.35309
3.98401;-2.43373; 0.0383633; -2.3659
4.00001;-2.43259; 0.0395444; -2.3787
4.01601;-2.43146; 0.04074; -2.39151
4.032;-2.43034; 0.04195; -2.40431
4.048;-2.42924; 0.0431742; -2.41712
4.064;-2.42816; 0.0444124; -2.42993
4.08;-2.42709; 0.0456644; -2.44274
4.096;-2.42604; 0.04693; -2.45555
4.112;-2.425; 0.048209; -2.46836
4.128;-2.42398; 0.0495011; -2.48117
4.144;-2.42298; 0.0508063; -2.49398
4.16;-2.422; 0.0521242; -2.50679
4.176;-2.42103; 0.0534546; -2.5196
4.192;-2.42007; 0.0547974; -2.53242
4.208;-2.41914; 0.0561523; -2.54523
4.224;-2.41822; 0.0575191; -2.55805
4.24;-2.41732; 0.0588975; -2.57087
4.256;-2.41644; 0.0602861; -2.58369
4.272;-2.41558; 0.0616859; -2.59651
4.288;-2.41473; 0.0630967; -2.60933
4.304;-2.41391; 0.0645182; -2.62216
4.32;-2.4131; 0.0659501; -2.63498
4.336;-2.41231; 0.0673923; -2.64781
4.352;-2.41153; 0.0688446; -2.66064
4.368;-2.41078; 0.0703066; -2.67347
4.384;-2.41004; 0.0717782; -2.6863
4.4;-2.40933; 0.073259; -2.69913
4.416;-2.40863; 0.0747489; -2.71196
4.432;-2.40795; 0.0762476; -2.72479
4.448;-2.4073; 0.0777549; -2.73763
4.464;-2.40666; 0.0792704; -2.75047
4.48;-2.40604; 0.080794; -2.7633
4.496;-2.40544; 0.0823254; -2.77614
4.512;-2.40486; 0.0838644; -2.78898
4.528;-2.4043; 0.0854106; -2.80182
4.544;-2.40376; 0.0869659; -2.81467
4.56;-2.40324; 0.0885281; -2.82751
4.576;-2.40274; 0.0900968; -2.84035
4.592;-2.40226; 0.0916719; -2.8532
4.608;-2.4018; 0.0932531; -2.86605
4.624;-2.40136; 0.0948401; -2.8789
4.64;-2.40094; 0.0964327; -2.89175
4.656;-2.40054; 0.0980306; -2.90461
4.672;-2.40016; 0.0996336; -2.91746
4.688;-2.3998; 0.101241; -2.93033
4.704;-2.39947; 0.102854; -2.94319
4.72;-2.39915; 0.10447; -2.95606
4.736;-2.39886; 0.106091; -2.96893
4.752;-2.39858; 0.107716; -2.98181
4.768;-2.39833; 0.109344; -2.99469
4.784;-2.3981; 0.110975; -3.00758
4.79999;-2.39789; 0.11261; -3.02049
4.81599;-2.3977; 0.114248; -3.0334
4.83199;-2.39753; 0.115888; -3.04633
4.84799;-2.39738; 0.117531; -3.05927
4.86399;-2.39725; 0.119176; -3.07225
4.87999;-2.39715; 0.120824; -3.08525
4.89599;-2.39706; 0.122475; -3.09831
4.91199;-2.397; 0.124128; -3.11144
4.92799;-2.39696; 0.125787; -3.12471
4.94399;-2.39694; 0.127452; -3.13822
4.95999;-2.39695; 0.129117; 3.13148
4.97599;-2.39697; 0.130771; 3.11836
4.99199;-2.39702; 0.132416; 3.10557
5.00799;-2.3971; 0.134423; 3.10555
5.02399;-2.39718; 0.13643; 3.10557
5.03999;-2.39726; 0.138437; 3.10563
5.05599;-2.39733; 0.140444; 3.10571
5.07199;-2.39741; 0.142452; 3.10582
5.08799;-2.39748; 0.144459; 3.10592
5.10399;-2.39755; 0.146467; 3.10601
5.11999;-2.39763; 0.148475; 3.10611
5.13599;-2.3977; 0.150483; 3.10619
5.15199;-2.39777; 0.152491; 3.10627
5.16799;-2.39784; 0.154499; 3.10633
5.18399;-2.39791; 0.156507; 3.10638
5.19999;-2.39798; 0.158515; 3.10643
5.21599;-2.39805; 0.160523; 3.10647
5.23199;-2.39812; 0.162532; 3.1065
5.24799;-2.39819; 0.16454; 3.10652
5.26399;-2.39826; 0.166548; 3.10654
5.27999;-2.39833; 0.168557; 3.10656
5.29599;-2.3984; 0.170565; 3.10657
5.31199;-2.39847; 0.172574; 3.10657
5.32799;-2.39854; 0.174582; 3.10658
5.34399;-2.39861; 0.17659; 3.10658
5.35999;-2.39868; 0.178598; 3.10658
5.37599;-2.39876; 0.180607; 3.10658
5.39199;-2.39883; 0.182615; 3.10658
5.40799;-2.3989; 0.184624; 3.10657
5.42399;-2.39897; 0.186632; 3.10657
5.43999;-2.39904; 0.18864; 3.10657
5.45599;-2.39911; 0.190649; 3.10656
5.47199;-2.39918; 0.192657; 3.10656
5.48799;-2.39925; 0.194666; 3.10656
5.50399;-2.39932; 0.196674; 3.10656
5.51999;-2.39939; 0.198683; 3.10655
5.53599;-2.39946; 0.200691; 3.10655
5.55199;-2.39953; 0.202699; 3.10655
5.56799;-2.3996; 0.204708; 3.10655
5.58398;-2.39967; 0.206716; 3.10655
5.59998;-2.39974; 0.208725; 3.10654
5.61598;-2.39981; 0.210733; 3.10654
5.63198;-2.39988; 0.212742; 3.10654
5.64798;-2.39995; 0.21475; 3.10654
5.66398;-2.40002; 0.216759; 3.10655
5.67998;-2.40009; 0.218767; 3.10655
5.69598;-2.40016; 0.220776; 3.10655
5.71198;-2.40023; 0.222784; 3.10655
5.72798;-2.4003; 0.224792; 3.10656
5.74398;-2.40037; 0.226801; 3.10656
5.75998;-2.40044; 0.228809; 3.10656
5.77598;-2.40051; 0.230818; 3.10656
5.79198;-2.40059; 0.232826; 3.10657
5.80798;-2.40066; 0.234835; 3.10657
5.82398;-2.40073; 0.236843; 3.10657
5.83998;-2.4008; 0.238851; 3.10658
5.85598;-2.40087; 0.24086; 3.10658
5.87198;-2.40094; 0.242868; 3.10658
5.88798;-2.40101; 0.244877; 3.10658
5.90398;-2.40108; 0.246885; 3.10659
5.91998;-2.40115; 0.248893; 3.10659
5.93598;-2.40122; 0.250902; 3.10659
5.95198;-2.40129; 0.25291; 3.10659
5.96798;-2.40136; 0.254918; 3.1066
5.98398;-2.40143; 0.256927; 3.10659
5.99998;-2.4015; 0.258935; 3.10659
6.01598;-2.40157; 0.260944; 3.10659
6.03198;-2.40164; 0.262952; 3.10659
6.04798;-2.40171; 0.26496; 3.10658
6.06398;-2.40178; 0.266969; 3.10658
6.07998;-2.40185; 0.268977; 3.10658
6.09598;-2.40192; 0.270986; 3.10658
6.11198;-2.40199; 0.272994; 3.10657
6.12798;-2.40206; 0.275003; 3.10657
6.14398;-2.40213; 0.277011; 3.10657
6.15998;-2.4022; 0.27902; 3.10658
6.17598;-2.40227; 0.281028; 3.10658
6.19198;-2.40234; 0.283037; 3.10658
6.20798;-2.40241; 0.285045; 3.10658
6.22398;-2.40248; 0.287053; 3.10658
6.23998;-2.40255; 0.289062; 3.10659
6.25598;-2.40263; 0.29107; 3.10659
6.27198;-2.4027; 0.293079; 3.10659
6.28798;-2.40277; 0.295087; 3.10659
6.30398;-2.40284; 0.297095; 3.10659
6.31998;-2.40291; 0.299104; 3.10658
6.33598;-2.40298; 0.301112; 3.10658
6.35197;-2.40305; 0.30312; 3.10658
6.36797;-2.40312; 0.305129; 3.10658
6.38397;-2.40319; 0.307137; 3.10657
6.39997;-2.40326; 0.309145; 3.10657
6.41597;-2.40333; 0.311154; 3.10657
6.43197;-2.4034; 0.313162; 3.10656
6.44797;-2.40347; 0.315171; 3.10656
6.46397;-2.40354; 0.317179; 3.10656
6.47997;-2.40361; 0.319187; 3.10656
6.49597;-2.40368; 0.321196; 3.10655
6.51197;-2.40375; 0.323204; 3.10655
6.52797;-2.40382; 0.325213; 3.10655
6.54397;-2.40389; 0.327221; 3.10655
6.55997;-2.40396; 0.32923; 3.10654
6.57597;-2.40403; 0.331238; 3.10654
6.59197;-2.4041; 0.333247; 3.10654
6.60797;-2.40417; 0.335255; 3.10654
6.62397;-2.40424; 0.337263; 3.10654
6.63997;-2.40431; 0.339272; 3.10654
6.65597;-2.40438; 0.34128; 3.10654
6.67197;-2.40446; 0.343289; 3.10654
6.68797;-2.40453; 0.345297; 3.10654
6.70397;-2.4046; 0.347306; 3.10655
6.71997;-2.40467; 0.349314; 3.10655
6.73597;-2.40474; 0.351323; 3.10655
6.75197;-2.40481; 0.353331; 3.10655
6.76797;-2.40488; 0.355339; 3.10656
6.78397;-2.40495; 0.357348; 3.10656
6.79997;-2.40502; 0.359356; 3.10656
6.81597;-2.40509; 0.361365; 3.10657
6.83197;-2.40516; 0.363373; 3.10657
6.84797;-2.40523; 0.365382; 3.10657
6.86397;-2.4053; 0.36739; 3.10657
6.87997;-2.40537; 0.369398; 3.10658
6.89597;-2.40544; 0.371407; 3.10658
6.91197;-2.40551; 0.373415; 3.10658
6.92797;-2.40558; 0.375423; 3.10659
6.94397;-2.40565; 0.377432; 3.10659
6.95997;-2.40572; 0.37944; 3.10659
6.97597;-2.40579; 0.381448; 3.10659
6.99197;-2.40586; 0.383457; 3.10659
7.00797;-2.40593; 0.385465; 3.10659
7.02397;-2.406; 0.387474; 3.10658
7.03997;-2.40607; 0.389482; 3.10658
7.05597;-2.40614; 0.391491; 3.10658
7.07197;-2.40621; 0.393499; 3.10657
7.08797;-2.40628; 0.395507; 3.10657
7.10397;-2.40636; 0.397516; 3.10657
7.11997;-2.40643; 0.399524; 3.10657
7.13596;-2.4065; 0.401533; 3.10657
7.15196;-2.40657; 0.403541; 3.10657
7.16796;-2.40664; 0.40555; 3.10657
7.18396;-2.40671; 0.407558; 3.10657
7.19996;-2.40678; 0.409567; 3.10658
7.21596;-2.40685; 0.411575; 3.10658
7.23196;-2.40692; 0.413584; 3.10658
7.24796;-2.40699; 0.415592; 3.10658
7.26396;-2.40706; 0.4176; 3.10659
7.27996;-2.40713; 0.419609; 3.10659
7.29596;-2.4072; 0.421617; 3.10659
7.31196;-2.40727; 0.423625; 3.10658
7.32796;-2.40734; 0.425634; 3.10658
7.34396;-2.40741; 0.427642; 3.10658
7.35996;-2.40748; 0.42965; 3.10657
7.37596;-2.40755; 0.431659; 3.10657
7.39196;-2.40762; 0.433667; 3.10657
7.40796;-2.40769; 0.435676; 3.10657
7.42396;-2.40776; 0.437684; 3.10656
7.43996;-2.40783; 0.439692; 3.10656
7.45596;-2.4079; 0.441701; 3.10656
7.47196;-2.40797; 0.443709; 3.10656
7.48796;-2.40804; 0.445718; 3.10655
7.50396;-2.40811; 0.447726; 3.10655
7.51996;-2.40818; 0.449735; 3.10655
7.53596;-2.40825; 0.451743; 3.10655
7.55196;-2.40833; 0.453751; 3.10654
7.56796;-2.4084; 0.45576; 3.10654
7.58396;-2.40847; 0.457768; 3.10654
7.59996;-2.40854; 0.459777; 3.10654
7.61596;-2.40861; 0.461785; 3.10654
7.63196;-2.40868; 0.463794; 3.10654
7.64796;-2.40875; 0.465802; 3.10654
7.66396;-2.40882; 0.467811; 3.10654
7.67996;-2.40889; 0.469819; 3.10654
7.69596;-2.40896; 0.471827; 3.10654
7.71196;-2.40903; 0.473836; 3.10655
7.72796;-2.4091; 0.475844; 3.10655
7.74396;-2.40917; 0.477853; 3.10655
7.75996;-2.40924; 0.479861; 3.10655
7.77596;-2.40931; 0.48187; 3.10656
7.79196;-2.40938; 0.483878; 3.10656
7.80796;-2.40945; 0.485886; 3.10656
7.82396;-2.40952; 0.487895; 3.10657
7.83996;-2.40959; 0.489903; 3.10657
7.85596;-2.40966; 0.491912; 3.10657
7.87196;-2.40973; 0.49392; 3.10657
7.88796;-2.4098; 0.495928; 3.10658
7.90395;-2.40987; 0.497937; 3.10658
7.91995;-2.40994; 0.499945; 3.10658
7.93595;-2.41001; 0.501953; 3.10658
7.95195;-2.41009; 0.503962; 3.10659
7.96795;-2.41016; 0.50597; 3.10659
7.98395;-2.41023; 0.507979; 3.10659
7.99995;-2.4103; 0.509987; 3.10658
8.01595;-2.41037; 0.511995; 3.10658
8.03195;-2.41044; 0.514004; 3.10658
8.04795;-2.41051; 0.516012; 3.10658
8.06395;-2.41058; 0.518021; 3.10657
8.07995;-2.41065; 0.520029; 3.10657
8.09595;-2.41072; 0.522038; 3.10657
8.11195;-2.41079; 0.524046; 3.10657
8.12795;-2.41086; 0.526055; 3.10657
8.14395;-2.41093; 0.528063; 3.10657
8.15995;-2.411; 0.530071; 3.10657
8.17595;-2.41107; 0.53208; 3.10657
8.19195;-2.41114; 0.534088; 3.10657
8.20795;-2.41121; 0.536097; 3.10657
8.22395;-2.41128; 0.538105; 3.10658
8.23995;-2.41135; 0.540114; 3.10658
8.25595;-2.41142; 0.542122; 3.10658
8.27195;-2.41149; 0.544131; 3.10658
8.28795;-2.41156; 0.546139; 3.10658
8.30395;-2.41163; 0.548147; 3.10658
8.31995;-2.4117; 0.550156; 3.10658
8.33595;-2.41177; 0.552164; 3.10657
8.35195;-2.41184; 0.554172; 3.10657
8.36795;-2.41191; 0.556181; 3.10657
8.38395;-2.41198; 0.558189; 3.10657
8.39995;-2.41206; 0.560197; 3.10656
8.41595;-2.41213; 0.562206; 3.10656
8.43195;-2.4122; 0.564214; 3.10656
8.44795;-2.41227; 0.566222; 3.10655
8.46395;-2.41234; 0.568231; 3.10655
8.47995;-2.41241; 0.570239; 3.10655
8.49595;-2.41248; 0.572248; 3.10655
8.51195;-2.41255; 0.574256; 3.10654
8.52795;-2.41262; 0.576265; 3.10654
8.54395;-2.41269; 0.578273; 3.10654
8.55995;-2.41276; 0.580282; 3.10654
8.57595;-2.41283; 0.58229; 3.10654
8.59195;-2.4129; 0.584298; 3.10654
8.60795;-2.41297; 0.586307; 3.10653
8.62395;-2.41304; 0.588315; 3.10653
8.63995;-2.41311; 0.590324; 3.10653
8.65595;-2.41318; 0.592332; 3.10653
8.67195;-2.41325; 0.594341; 3.10654
8.68795;-2.41332; 0.596349; 3.10654
8.70395;-2.41339; 0.598358; 3.10654
8.71994;-2.41346; 0.600366; 3.10654
8.73594;-2.41353; 0.602374; 3.10654
8.75194;-2.4136; 0.604383; 3.10655
8.76794;-2.41367; 0.606391; 3.10655
8.78394;-2.41375; 0.6084; 3.10655
8.79994;-2.41382; 0.610408; 3.10656
8.81594;-2.41389; 0.612417; 3.10656
8.83194;-2.41396; 0.614425; 3.10656
8.84794;-2.41403; 0.616433; 3.10656
8.86394;-2.4141; 0.618442; 3.10657
8.87994;-2.41417; 0.62045; 3.10657
8.89594;-2.41424; 0.622459; 3.10657
8.91194;-2.41431; 0.624467; 3.10658
8.92794;-2.41438; 0.626475; 3.10658
8.94394;-2.41445; 0.628484; 3.10658
8.95994;-2.41452; 0.630492; 3.10658
8.97594;-2.41459; 0.6325; 3.10658
8.99194;-2.41466; 0.634509; 3.10658
9.00794;-2.41473; 0.636517; 3.10658
9.02394;-2.4148; 0.638526; 3.10658
9.03994;-2.41487; 0.640534; 3.10657
9.05594;-2.41494; 0.642542; 3.10657
9.07194;-2.41501; 0.644551; 3.10657
9.08794;-2.41508; 0.646559; 3.10657
9.10394;-2.41515; 0.648568; 3.10656
9.11994;-2.41522; 0.650576; 3.10656
9.13594;-2.41529; 0.652585; 3.10656
9.15194;-2.41536; 0.654593; 3.10656
9.16794;-2.41543; 0.656602; 3.10656
9.18394;-2.4155; 0.65861; 3.10657
9.19994;-2.41557; 0.660619; 3.10657
9.21594;-2.41565; 0.662627; 3.10657
9.23194;-2.41572; 0.664635; 3.10657
9.24794;-2.41579; 0.666644; 3.10658
9.26394;-2.41586; 0.668652; 3.10658
9.27994;-2.41593; 0.670661; 3.10658
9.29594;-2.416; 0.672669; 3.10658
9.31194;-2.41607; 0.674677; 3.10658
9.32794;-2.41614; 0.676686; 3.10657
9.34394;-2.41621; 0.678694; 3.10657
9.35994;-2.41628; 0.680702; 3.10657
9.37594;-2.41635; 0.682711; 3.10657
9.39194;-2.41642; 0.684719; 3.10656
9.40794;-2.41649; 0.686727; 3.10656
9.42394;-2.41656; 0.688736; 3.10656
9.43994;-2.41663; 0.690744; 3.10655
9.45594;-2.4167; 0.692753; 3.10655
9.47194;-2.41677; 0.694761; 3.10655
9.48794;-2.41684; 0.69677; 3.10655
9.50393;-2.41691; 0.698778; 3.10654
9.51993;-2.41698; 0.700786; 3.10654
9.53593;-2.41705; 0.702795; 3.10654
9.55193;-2.41712; 0.704803; 3.10654
9.56793;-2.41719; 0.706812; 3.10654
9.58393;-2.41726; 0.70882; 3.10653
9.59993;-2.41733; 0.710829; 3.10653
9.61593;-2.4174; 0.712837; 3.10653
9.63193;-2.41748; 0.714845; 3.10653
9.64793;-2.41755; 0.716854; 3.10653
9.66393;-2.41762; 0.718862; 3.10653
9.67993;-2.41769; 0.720871; 3.10653
9.69593;-2.41776; 0.722879; 3.10654
9.71193;-2.41783; 0.724888; 3.10654
9.72793;-2.4179; 0.726896; 3.10654
9.74393;-2.41797; 0.728905; 3.10654
9.75993;-2.41804; 0.730913; 3.10655
9.77593;-2.41811; 0.732921; 3.10655
9.79193;-2.41818; 0.73493; 3.10655
9.80793;-2.41825; 0.736938; 3.10655
9.82393;-2.41832; 0.738947; 3.10656
9.83993;-2.41839; 0.740955; 3.10656
9.85593;-2.41846; 0.742964; 3.10656
9.87193;-2.41853; 0.744972; 3.10657
9.88793;-2.4186; 0.74698; 3.10657
9.90393;-2.41867; 0.748989; 3.10657
9.91993;-2.41874; 0.750997; 3.10657
9.93593;-2.41881; 0.753005; 3.10658
9.95193;-2.41888; 0.755014; 3.10658
9.96793;-2.41895; 0.757022; 3.10658
9.98393;-2.41902; 0.75903; 3.10658
9.99993;-2.41909; 0.761039; 3.10658
10.0159;-2.41916; 0.763047; 3.10657
10.0319;-2.41924; 0.765056; 3.10657
10.0479;-2.41931; 0.767064; 3.10657
10.0639;-2.41938; 0.769073; 3.10657
10.0799;-2.41945; 0.771081; 3.10656
10.0959;-2.41952; 0.77309; 3.10656
10.1119;-2.41959; 0.775098; 3.10656
10.1279;-2.41966; 0.777106; 3.10656
10.1439;-2.41973; 0.779115; 3.10656
10.1599;-2.4198; 0.781123; 3.10656
10.1759;-2.41987; 0.783132; 3.10656
10.1919;-2.41994; 0.78514; 3.10656
10.2079;-2.42001; 0.787149; 3.10657
10.2239;-2.42008; 0.789157; 3.10657
10.2399;-2.42015; 0.791166; 3.10657
10.2559;-2.42022; 0.793174; 3.10657
10.2719;-2.42029; 0.795182; 3.10658
10.2879;-2.42036; 0.797191; 3.10658
10.3039;-2.42043; 0.799199; 3.10657
10.3199;-2.4205; 0.801207; 3.10657
10.3359;-2.42057; 0.803216; 3.10657
10.3519;-2.42064; 0.805224; 3.10657
10.3679;-2.42071; 0.807232; 3.10656
10.3839;-2.42078; 0.809241; 3.10656
10.3999;-2.42085; 0.811249; 3.10656
10.4159;-2.42092; 0.813258; 3.10655
10.4319;-2.42099; 0.815266; 3.10655
10.4479;-2.42107; 0.817274; 3.10655
10.4639;-2.42114; 0.819283; 3.10655
10.4799;-2.42121; 0.821291; 3.10654
10.4959;-2.42128; 0.8233; 3.10654
10.5119;-2.42135; 0.825308; 3.10654
10.5279;-2.42142; 0.827317; 3.10654
10.5439;-2.42149; 0.829325; 3.10653
10.5599;-2.42156; 0.831333; 3.10653
10.5759;-2.42163; 0.833342; 3.10653
10.5919;-2.4217; 0.83535; 3.10653
10.6079;-2.42177; 0.837359; 3.10653
10.6239;-2.42184; 0.839367; 3.10653
10.6399;-2.42191; 0.841376; 3.10653
10.6559;-2.42198; 0.843384; 3.10653
10.6719;-2.42205; 0.845393; 3.10653
10.6879;-2.42212; 0.847401; 3.10653
10.7039;-2.42219; 0.849409; 3.10653
10.7199;-2.42226; 0.851418; 3.10653
10.7359;-2.42233; 0.853426; 3.10654
10.7519;-2.4224; 0.855435; 3.10654
10.7679;-2.42247; 0.857443; 3.10654
10.7839;-2.42254; 0.859452; 3.10655
10.7999;-2.42261; 0.86146; 3.10655
10.8159;-2.42269; 0.863468; 3.10655
10.8319;-2.42276; 0.865477; 3.10655
10.8479;-2.42283; 0.867485; 3.10656
10.8639;-2.4229; 0.869494; 3.10656
10.8799;-2.42297; 0.871502; 3.10656
10.8959;-2.42304; 0.87351; 3.10657
10.9119;-2.42311; 0.875519; 3.10657
10.9279;-2.42318; 0.877527; 3.10657
10.9439;-2.42325; 0.879535; 3.10657
10.9599;-2.42332; 0.881544; 3.10658
10.9759;-2.42339; 0.883552; 3.10658
10.9919;-2.42346; 0.885561; 3.10658
11.0079;-2.42353; 0.887569; 3.10657
11.0239;-2.4236; 0.889577; 3.10657
11.0399;-2.42367; 0.891586; 3.10657
11.0559;-2.42374; 0.893594; 3.10656
11.0719;-2.42381; 0.895603; 3.10656
11.0879;-2.42388; 0.897611; 3.10656
11.1039;-2.42395; 0.89962; 3.10656
11.1199;-2.42402; 0.901628; 3.10656
11.1359;-2.42409; 0.903637; 3.10656
11.1519;-2.42416; 0.905645; 3.10656
11.1679;-2.42423; 0.907653; 3.10656
11.1839;-2.4243; 0.909662; 3.10656
11.1999;-2.42437; 0.91167; 3.10656
11.2159;-2.42444; 0.913679; 3.10656
11.2319;-2.42452; 0.915687; 3.10657
11.2479;-2.42459; 0.917696; 3.10657
11.2639;-2.42466; 0.919704; 3.10657
11.2799;-2.42473; 0.921713; 3.10657
11.2959;-2.4248; 0.923721; 3.10657
11.3119;-2.42487; 0.925729; 3.10657
11.3279;-2.42494; 0.927737; 3.10657
11.3439;-2.42501; 0.929746; 3.10656
11.3599;-2.42508; 0.931754; 3.10656
11.3759;-2.42515; 0.933762; 3.10656
11.3919;-2.42522; 0.935771; 3.10655
11.4079;-2.42529; 0.937779; 3.10655
11.4239;-2.42536; 0.939788; 3.10655
11.4399;-2.42543; 0.941796; 3.10655
11.4559;-2.4255; 0.943805; 3.10654
11.4719;-2.42557; 0.945813; 3.10654
11.4879;-2.42564; 0.947821; 3.10654
11.5039;-2.42571; 0.94983; 3.10654
11.5199;-2.42578; 0.951838; 3.10653
11.5359;-2.42585; 0.953847; 3.10653
11.5519;-2.42592; 0.955855; 3.10653
11.5679;-2.42599; 0.957864; 3.10653
11.5839;-2.42606; 0.959872; 3.10653
11.5999;-2.42613; 0.96188; 3.10652
11.6159;-2.4262; 0.963889; 3.10652
11.6319;-2.42628; 0.965897; 3.10652
11.6479;-2.42635; 0.967906; 3.10652
11.6639;-2.42642; 0.969914; 3.10652
11.6799;-2.42649; 0.971923; 3.10653
11.6959;-2.42656; 0.973931; 3.10653
11.7119;-2.42663; 0.97594; 3.10653
11.7279;-2.4267; 0.977948; 3.10653
11.7439;-2.42677; 0.979956; 3.10653
11.7599;-2.42684; 0.981965; 3.10654
11.7759;-2.42691; 0.983973; 3.10654
11.7919;-2.42698; 0.985982; 3.10654
11.8079;-2.42705; 0.98799; 3.10655
11.8239;-2.42712; 0.989999; 3.10655
11.8399;-2.42719; 0.992007; 3.10655
11.8559;-2.42726; 0.994015; 3.10655
11.8719;-2.42733; 0.996024; 3.10656
11.8879;-2.4274; 0.998032; 3.10656
11.9039;-2.42747; 1.00004; 3.10656
11.9199;-2.42754; 1.00205; 3.10657
11.9359;-2.42761; 1.00406; 3.10657
11.9519;-2.42768; 1.00607; 3.10657
11.9679;-2.42775; 1.00807; 3.10657
11.9839;-2.42782; 1.01008; 3.10657
11.9999;-2.42789; 1.01209; 3.10657
12.0159;-2.42797; 1.0141; 3.10657
12.0319;-2.42804; 1.01611; 3.10656
12.0479;-2.42811; 1.01812; 3.10656
12.0639;-2.42818; 1.02012; 3.10656
12.0799;-2.42825; 1.02213; 3.10656
12.0959;-2.42832; 1.02414; 3.10655
12.1119;-2.42839; 1.02615; 3.10655
12.1279;-2.42846; 1.02816; 3.10655
12.1439;-2.42853; 1.03017; 3.10655
12.1599;-2.4286; 1.03218; 3.10655
12.1759;-2.42867; 1.03418; 3.10655
12.1919;-2.42874; 1.03619; 3.10656
12.2079;-2.42881; 1.0382; 3.10656
12.2239;-2.42888; 1.04021; 3.10656
12.2399;-2.42895; 1.04222; 3.10656
12.2559;-2.42902; 1.04423; 3.10657
12.2719;-2.42909; 1.04623; 3.10657
12.2879;-2.42916; 1.04824; 3.10657
12.3039;-2.42923; 1.05025; 3.10657
12.3199;-2.4293; 1.05226; 3.10656
12.3359;-2.42937; 1.05427; 3.10656
12.3519;-2.42944; 1.05628; 3.10656
12.3679;-2.42951; 1.05828; 3.10656
12.3839;-2.42958; 1.06029; 3.10655
12.3999;-2.42965; 1.0623; 3.10655
12.4159;-2.42972; 1.06431; 3.10655
12.4319;-2.4298; 1.06632; 3.10654
12.4479;-2.42987; 1.06833; 3.10654
12.4639;-2.42994; 1.07033; 3.10654
12.4799;-2.43001; 1.07234; 3.10654
12.4959;-2.43008; 1.07435; 3.10653
12.5119;-2.43015; 1.07636; 3.10653
12.5279;-2.43022; 1.07837; 3.10653
12.5439;-2.43029; 1.08038; 3.10653
12.5599;-2.43036; 1.08239; 3.10653
12.5759;-2.43043; 1.08439; 3.10652
12.5919;-2.4305; 1.0864; 3.10652
12.6079;-2.43057; 1.08841; 3.10652
12.6239;-2.43064; 1.09042; 3.10652
12.6399;-2.43071; 1.09243; 3.10652
12.6559;-2.43078; 1.09444; 3.10652
12.6719;-2.43085; 1.09644; 3.10652
12.6879;-2.43092; 1.09845; 3.10652
12.7039;-2.43099; 1.10046; 3.10652
12.7199;-2.43106; 1.10247; 3.10653
12.7359;-2.43113; 1.10448; 3.10653
12.7519;-2.4312; 1.10649; 3.10653
12.7679;-2.43127; 1.10849; 3.10654
12.7839;-2.43135; 1.1105; 3.10654
12.7999;-2.43142; 1.11251; 3.10654
12.8159;-2.43149; 1.11452; 3.10654
12.8319;-2.43156; 1.11653; 3.10655
12.8479;-2.43163; 1.11854; 3.10655
12.8639;-2.4317; 1.12055; 3.10655
12.8799;-2.43177; 1.12255; 3.10656
12.8959;-2.43184; 1.12456; 3.10656
12.9119;-2.43191; 1.12657; 3.10656
12.9279;-2.43198; 1.12858; 3.10656
12.9439;-2.43205; 1.13059; 3.10657
12.9599;-2.43212; 1.1326; 3.10657
12.9759;-2.43219; 1.1346; 3.10657
12.9919;-2.43226; 1.13661; 3.10657
13.0079;-2.43233; 1.13862; 3.10657
13.0239;-2.4324; 1.14063; 3.10656
13.0399;-2.43247; 1.14264; 3.10656
13.0559;-2.43254; 1.14465; 3.10656
13.0719;-2.43261; 1.14665; 3.10655
13.0879;-2.43268; 1.14866; 3.10655
13.1039;-2.43275; 1.15067; 3.10655
13.1199;-2.43282; 1.15268; 3.10655
13.1359;-2.43289; 1.15469; 3.10655
13.1519;-2.43296; 1.1567; 3.10655
13.1679;-2.43303; 1.15871; 3.10655
13.1839;-2.4331; 1.16071; 3.10655
13.1999;-2.43318; 1.16272; 3.10655
13.2159;-2.43325; 1.16473; 3.10656
13.2319;-2.43332; 1.16674; 3.10656
13.2479;-2.43339; 1.16875; 3.10656
13.2639;-2.43346; 1.17076; 3.10656
13.2799;-2.43353; 1.17276; 3.10657
13.2959;-2.4336; 1.17477; 3.10656
13.3119;-2.43367; 1.17678; 3.10656
13.3279;-2.43374; 1.17879; 3.10656
13.3439;-2.43381; 1.1808; 3.10656
13.3599;-2.43388; 1.18281; 3.10655
13.3759;-2.43395; 1.18481; 3.10655
13.3919;-2.43402; 1.18682; 3.10655
13.4079;-2.43409; 1.18883; 3.10654
13.4239;-2.43416; 1.19084; 3.10654
13.4399;-2.43423; 1.19285; 3.10654
13.4559;-2.4343; 1.19486; 3.10654
13.4719;-2.43437; 1.19686; 3.10653
13.4879;-2.43444; 1.19887; 3.10653
13.5039;-2.43451; 1.20088; 3.10653
13.5199;-2.43458; 1.20289; 3.10653
13.5359;-2.43465; 1.2049; 3.10652
13.5519;-2.43472; 1.20691; 3.10652
13.5679;-2.43479; 1.20892; 3.10652
13.5839;-2.43487; 1.21092; 3.10652
13.5999;-2.43494; 1.21293; 3.10652
13.6159;-2.43501; 1.21494; 3.10652
13.6319;-2.43508; 1.21695; 3.10652
13.6479;-2.43515; 1.21896; 3.10652
13.6639;-2.43522; 1.22097; 3.10652
13.6799;-2.43529; 1.22297; 3.10652
13.6959;-2.43536; 1.22498; 3.10652
13.7119;-2.43543; 1.22699; 3.10652
13.7279;-2.4355; 1.229; 3.10652
13.7439;-2.43557; 1.23101; 3.10653
13.7599;-2.43564; 1.23302; 3.10653
13.7759;-2.43571; 1.23503; 3.10653
13.7919;-2.43578; 1.23703; 3.10653
13.8079;-2.43585; 1.23904; 3.10654
13.8239;-2.43592; 1.24105; 3.10654
13.8399;-2.43599; 1.24306; 3.10654
13.8559;-2.43606; 1.24507; 3.10655
13.8719;-2.43613; 1.24708; 3.10655
13.8879;-2.4362; 1.24908; 3.10655
13.9039;-2.43627; 1.25109; 3.10655
13.9199;-2.43634; 1.2531; 3.10656
13.9359;-2.43642; 1.25511; 3.10656
13.9519;-2.43649; 1.25712; 3.10656
13.9679;-2.43656; 1.25913; 3.10656
13.9839;-2.43663; 1.26113; 3.10657
13.9999;-2.43669; 1.26278; 3.11937
14.0159;-2.43672; 1.26442; 3.13221
14.0319;-2.43673; 1.26607; -3.13811
14.0479;-2.43672; 1.26771; -3.12523
14.0639;-2.43669; 1.26936; -3.11234
14.0799;-2.43663; 1.271; -3.09939
14.0959;-2.43656; 1.27265; -3.08643
14.1119;-2.43646; 1.27429; -3.07346
14.1279;-2.43633; 1.27594; -3.06052
14.1439;-2.43619; 1.27758; -3.04761
14.1599;-2.43603; 1.27922; -3.03473
14.1759;-2.43584; 1.28085; -3.02187
14.1919;-2.43564; 1.28248; -3.00904
14.2079;-2.43541; 1.28411; -2.99621
14.2239;-2.43516; 1.28574; -2.9834
14.2399;-2.4349; 1.28737; -2.97058
14.2559;-2.43461; 1.28898; -2.95777
14.2719;-2.4343; 1.2906; -2.94497
14.2879;-2.43397; 1.29221; -2.93217
14.3039;-2.43362; 1.29382; -2.91936
14.3199;-2.43325; 1.29542; -2.90656
14.3359;-2.43286; 1.29702; -2.89376
14.3519;-2.43244; 1.29861; -2.88096
14.3679;-2.43201; 1.3002; -2.86817
14.3839;-2.43156; 1.30178; -2.85537
14.3999;-2.43109; 1.30336; -2.84257
14.4159;-2.43059; 1.30493; -2.82976
14.4319;-2.43008; 1.30649; -2.81696
14.4479;-2.42955; 1.30805; -2.80416
14.4639;-2.42899; 1.3096; -2.79136
14.4799;-2.42842; 1.31114; -2.77855
14.4959;-2.42783; 1.31268; -2.76575
14.5119;-2.42722; 1.3142; -2.75294
14.5279;-2.42659; 1.31572; -2.74014
14.5439;-2.42593; 1.31723; -2.72733
14.5599;-2.42526; 1.31874; -2.71452
14.5759;-2.42458; 1.32023; -2.70171
14.5919;-2.42387; 1.32172; -2.6889
14.6079;-2.42314; 1.32319; -2.67609
14.6239;-2.42239; 1.32466; -2.66328
14.6399;-2.42163; 1.32611; -2.65046
14.6559;-2.42085; 1.32756; -2.63765
14.6719;-2.42004; 1.329; -2.62483
14.6879;-2.41922; 1.33042; -2.61202
14.7039;-2.41839; 1.33184; -2.5992
14.7199;-2.41753; 1.33324; -2.58639
14.7359;-2.41665; 1.33464; -2.57357
14.7519;-2.41576; 1.33602; -2.56075
14.7679;-2.41485; 1.33739; -2.54794
14.7839;-2.41393; 1.33875; -2.53512
14.7999;-2.41298; 1.3401; -2.5223
14.8159;-2.41202; 1.34143; -2.50949
14.8319;-2.41104; 1.34276; -2.49667
14.8479;-2.41004; 1.34407; -2.48385
14.8639;-2.40903; 1.34536; -2.47104
14.8799;-2.408; 1.34665; -2.45822
14.8959;-2.40695; 1.34792; -2.4454
14.9119;-2.40589; 1.34917; -2.43259
14.9279;-2.40481; 1.35042; -2.41977
14.9439;-2.40372; 1.35165; -2.40695
14.9599;-2.40261; 1.35286; -2.39414
14.9759;-2.40148; 1.35406; -2.38132
14.9919;-2.40034; 1.35525; -2.36851
15.0079;-2.39919; 1.35642; -2.35569
15.0239;-2.39802; 1.35758; -2.34288
15.0399;-2.39683; 1.35872; -2.33007
15.0559;-2.39563; 1.35985; -2.31725
15.0719;-2.39442; 1.36096; -2.30444
15.0879;-2.39319; 1.36205; -2.29163
15.1039;-2.39195; 1.36313; -2.27882
15.1199;-2.39069; 1.3642; -2.266
15.1359;-2.38942; 1.36524; -2.25319
15.1519;-2.38814; 1.36627; -2.24038
15.1679;-2.38684; 1.36729; -2.22757
15.1839;-2.38553; 1.36829; -2.21475
15.1999;-2.38421; 1.36927; -2.20194
15.2159;-2.38288; 1.37023; -2.18913
15.2319;-2.38153; 1.37118; -2.17631
15.2479;-2.38017; 1.37211; -2.1635
15.2639;-2.3788; 1.37302; -2.15069
15.2799;-2.37742; 1.37391; -2.13787
15.2959;-2.37603; 1.37479; -2.12506
15.3119;-2.37463; 1.37565; -2.11224
15.3279;-2.37321; 1.37649; -2.09942
15.3439;-2.37179; 1.37731; -2.08661
15.3599;-2.37035; 1.37811; -2.07379
15.3759;-2.36891; 1.3789; -2.06097
15.3919;-2.36745; 1.37967; -2.04814
15.4079;-2.36599; 1.38041; -2.03532
15.4239;-2.36451; 1.38114; -2.0225
15.4399;-2.36303; 1.38185; -2.00967
15.4559;-2.36154; 1.38254; -1.99684
15.4719;-2.36004; 1.38322; -1.98401
15.4879;-2.35853; 1.38387; -1.97118
15.5039;-2.35701; 1.3845; -1.95835
15.5199;-2.35549; 1.38512; -1.94551
15.5359;-2.35395; 1.38571; -1.93267
15.5519;-2.35241; 1.38629; -1.91983
15.5679;-2.35086; 1.38684; -1.90699
15.5839;-2.34931; 1.38738; -1.89415
15.5999;-2.34775; 1.38789; -1.8813
15.6159;-2.34618; 1.38839; -1.86845
15.6319;-2.34461; 1.38886; -1.8556
15.6479;-2.34303; 1.38931; -1.84275
15.6639;-2.34144; 1.38975; -1.8299
15.6799;-2.33985; 1.39016; -1.81704
15.6959;-2.33825; 1.39055; -1.80418
15.7119;-2.33665; 1.39093; -1.79131
15.7279;-2.33504; 1.39128; -1.77845
15.7439;-2.33343; 1.39161; -1.76558
15.7599;-2.33182; 1.39192; -1.7527
15.7759;-2.3302; 1.39221; -1.73982
15.7919;-2.32858; 1.39248; -1.72694
15.8079;-2.32696; 1.39273; -1.71406
15.8239;-2.32533; 1.39295; -1.70117
15.8399;-2.3237; 1.39316; -1.68827
15.8559;-2.32207; 1.39334; -1.67537
15.8719;-2.32043; 1.39351; -1.66247
15.8879;-2.31879; 1.39365; -1.64955
15.9039;-2.31716; 1.39377; -1.63664
15.9199;-2.31551; 1.39387; -1.62383
15.9359;-2.31387; 1.39395; -1.61103
15.9519;-2.31223; 1.39401; -1.59823
15.9679;-2.31058; 1.39404; -1.58543
15.9839;-2.30894; 1.39406; -1.57263
15.9999;-2.30693; 1.39405; -1.57262
16.0159;-2.30492; 1.39405; -1.57263
16.0319;-2.30291; 1.39405; -1.57269
16.0479;-2.3009; 1.39405; -1.57278
16.0639;-2.29889; 1.39405; -1.57288
16.0799;-2.29688; 1.39406; -1.57298
16.0959;-2.29487; 1.39406; -1.57307
16.1119;-2.29287; 1.39406; -1.57316
16.1279;-2.29086; 1.39407; -1.57324
16.1439;-2.28885; 1.39407; -1.57331
16.1599;-2.28684; 1.39408; -1.57337
16.1759;-2.28483; 1.39408; -1.57342
16.1919;-2.28282; 1.39409; -1.57347
16.2079;-2.28081; 1.39409; -1.57351
16.2239;-2.2788; 1.3941; -1.57354
16.2399;-2.27679; 1.39411; -1.57356
16.2559;-2.27478; 1.39411; -1.57359
16.2719;-2.27277; 1.39412; -1.5736
16.2879;-2.27076; 1.39412; -1.57362
16.3039;-2.26875; 1.39413; -1.57363
16.3199;-2.26674; 1.39414; -1.57364
16.3359;-2.26473; 1.39414; -1.57365
16.3519;-2.26272; 1.39415; -1.57365
16.3679;-2.26072; 1.39415; -1.57366
16.3839;-2.25871; 1.39416; -1.57366
16.3999;-2.2567; 1.39416; -1.57367
16.4159;-2.25469; 1.39417; -1.57367
16.4319;-2.25268; 1.39418; -1.57367
16.4479;-2.25067; 1.39418; -1.57367
16.4639;-2.24866; 1.39419; -1.57367
16.4799;-2.24665; 1.39419; -1.57367
16.4959;-2.24464; 1.3942; -1.57367
16.5119;-2.24263; 1.3942; -1.57367
16.5279;-2.24062; 1.39421; -1.57367
16.5439;-2.23861; 1.39422; -1.57367
16.5599;-2.2366; 1.39422; -1.57367
16.5759;-2.23459; 1.39423; -1.57367
16.5919;-2.23258; 1.39423; -1.57367
16.6079;-2.23057; 1.39424; -1.57366
16.6239;-2.22856; 1.39425; -1.57366
16.6399;-2.22655; 1.39425; -1.57366
16.6559;-2.22454; 1.39426; -1.57365
16.6719;-2.22253; 1.39426; -1.57365
16.6879;-2.22052; 1.39427; -1.57364
16.7039;-2.21851; 1.39427; -1.57364
16.7199;-2.2165; 1.39428; -1.57363
16.7359;-2.21449; 1.39429; -1.57363
16.7519;-2.21248; 1.39429; -1.57362
16.7679;-2.21048; 1.3943; -1.57362
16.7839;-2.20847; 1.3943; -1.57361
16.7999;-2.20646; 1.39431; -1.57361
16.8159;-2.20445; 1.39431; -1.5736
16.8319;-2.20244; 1.39432; -1.5736
16.8479;-2.20043; 1.39432; -1.57359
16.8639;-2.19842; 1.39433; -1.57359
16.8799;-2.19641; 1.39434; -1.57359
16.8959;-2.1944; 1.39434; -1.57359
16.9119;-2.19239; 1.39435; -1.57359
16.9279;-2.19038; 1.39435; -1.57359
16.9439;-2.18837; 1.39436; -1.57359
16.9599;-2.18636; 1.39436; -1.57358
16.9759;-2.18435; 1.39437; -1.57358
16.9919;-2.18234; 1.39438; -1.57358
17.0079;-2.18033; 1.39438; -1.57358
17.0239;-2.17832; 1.39439; -1.57359
17.0399;-2.17631; 1.39439; -1.57359
17.0559;-2.1743; 1.3944; -1.57359
17.0719;-2.17229; 1.3944; -1.57359
17.0879;-2.17028; 1.39441; -1.57359
17.1039;-2.16827; 1.39441; -1.57359
17.1199;-2.16626; 1.39442; -1.57359
17.1359;-2.16425; 1.39443; -1.5736
17.1519;-2.16225; 1.39443; -1.5736
17.1679;-2.16024; 1.39444; -1.5736
17.1839;-2.15823; 1.39444; -1.57361
17.1999;-2.15622; 1.39445; -1.57361
17.2159;-2.15421; 1.39445; -1.57362
17.2319;-2.1522; 1.39446; -1.57362
17.2479;-2.15019; 1.39447; -1.57363
17.2639;-2.14818; 1.39447; -1.57364
17.2799;-2.14617; 1.39448; -1.57364
17.2959;-2.14416; 1.39448; -1.57365
17.3119;-2.14215; 1.39449; -1.57365
17.3279;-2.14014; 1.39449; -1.57366
17.3439;-2.13813; 1.3945; -1.57366
17.3599;-2.13612; 1.39451; -1.57366
17.3759;-2.13411; 1.39451; -1.57367
17.3919;-2.1321; 1.39452; -1.57367
17.4079;-2.13009; 1.39452; -1.57367
17.4239;-2.12808; 1.39453; -1.57367
17.4399;-2.12607; 1.39453; -1.57368
17.4559;-2.12406; 1.39454; -1.57365
17.4719;-2.12205; 1.39454; -1.57401
17.4879;-2.12006; 1.39453; -1.57319
17.5039;-2.11805; 1.39453; -1.57309
17.5199;-2.11604; 1.39453; -1.57303
17.5359;-2.11403; 1.39454; -1.57301
17.5519;-2.11202; 1.39454; -1.573
17.5679;-2.11001; 1.39455; -1.573
17.5839;-2.108; 1.39455; -1.573
17.5999;-2.10599; 1.39455; -1.57301
17.6159;-2.10398; 1.39456; -1.57302
17.6319;-2.10197; 1.39456; -1.57302
17.6479;-2.09996; 1.39457; -1.57303
17.6639;-2.09795; 1.39457; -1.57304
17.6799;-2.09594; 1.39457; -1.57305
17.6959;-2.09394; 1.39458; -1.57305
17.7119;-2.09193; 1.39458; -1.57305
17.7279;-2.08992; 1.39459; -1.57305
17.7439;-2.08791; 1.39459; -1.57305
17.7599;-2.0859; 1.3946; -1.57305
17.7759;-2.08389; 1.3946; -1.57304
17.7919;-2.08188; 1.39461; -1.57304
17.8079;-2.07987; 1.39461; -1.57303
17.8239;-2.07786; 1.39462; -1.57303
17.8399;-2.07585; 1.39462; -1.57302
17.8559;-2.07384; 1.39463; -1.57302
17.8719;-2.07183; 1.39463; -1.57301
17.8879;-2.06982; 1.39463; -1.57301
17.9039;-2.06781; 1.39464; -1.573
17.9199;-2.0658; 1.39464; -1.573
17.9359;-2.06379; 1.39465; -1.573
17.9519;-2.06178; 1.39465; -1.573
17.9679;-2.05977; 1.39466; -1.57299
17.9839;-2.05776; 1.39466; -1.57299
17.9999;-2.05575; 1.39467; -1.57299
18.0159;-2.05374; 1.39467; -1.57299
18.0319;-2.05173; 1.39467; -1.57299
18.0479;-2.04972; 1.39468; -1.57299
18.0639;-2.04771; 1.39468; -1.57299
18.0799;-2.0457; 1.39469; -1.57299
18.0959;-2.0437; 1.39469; -1.57299
18.1119;-2.04169; 1.3947; -1.573
18.128;-2.03968; 1.3947; -1.573
18.144;-2.03767; 1.39471; -1.573
18.16;-2.03566; 1.39471; -1.57301
18.176;-2.03365; 1.39471; -1.57301
18.192;-2.03164; 1.39472; -1.57301
18.208;-2.02963; 1.39472; -1.57302
18.224;-2.02762; 1.39473; -1.57302
18.24;-2.02561; 1.39473; -1.57303
18.256;-2.0236; 1.39474; -1.57303
18.272;-2.02159; 1.39474; -1.57304
18.288;-2.01958; 1.39475; -1.57305
18.304;-2.01757; 1.39475; -1.57305
18.32;-2.01556; 1.39476; -1.57306
18.336;-2.01355; 1.39476; -1.57306
18.352;-2.01154; 1.39476; -1.57306
18.368;-2.00953; 1.39477; -1.57307
18.384;-2.00752; 1.39477; -1.57307
18.4;-2.00551; 1.39478; -1.57307
18.416;-2.0035; 1.39478; -1.57308
18.432;-2.00149; 1.39479; -1.57308
18.448;-1.99948; 1.39479; -1.57308
18.464;-1.99747; 1.3948; -1.57308
18.48;-1.99546; 1.3948; -1.57308
18.496;-1.99346; 1.39481; -1.57308
18.512;-1.99145; 1.39481; -1.57308
18.528;-1.98944; 1.39481; -1.57308
18.544;-1.98743; 1.39482; -1.57308
18.56;-1.98542; 1.39482; -1.57308
18.576;-1.98341; 1.39483; -1.57307
18.592;-1.9814; 1.39483; -1.57307
18.608;-1.97939; 1.39484; -1.57307
18.624;-1.97738; 1.39484; -1.57307
18.64;-1.97537; 1.39485; -1.57306
18.656;-1.97336; 1.39485; -1.57306
18.672;-1.97135; 1.39486; -1.57306
18.688;-1.96934; 1.39486; -1.57305
18.704;-1.96733; 1.39486; -1.57305
18.72;-1.96532; 1.39487; -1.57304
18.736;-1.96331; 1.39487; -1.57304
18.752;-1.9613; 1.39488; -1.57303
18.768;-1.95929; 1.39488; -1.57303
18.784;-1.95728; 1.39489; -1.57302
18.8;-1.95527; 1.39489; -1.57302
18.816;-1.95326; 1.3949; -1.57301
18.832;-1.95125; 1.3949; -1.57301
18.848;-1.94924; 1.39491; -1.573
18.864;-1.94723; 1.39491; -1.573
18.88;-1.94523; 1.39491; -1.573
18.896;-1.94322; 1.39492; -1.57299
18.912;-1.94121; 1.39492; -1.57299
18.928;-1.9392; 1.39493; -1.57299
18.944;-1.93719; 1.39493; -1.57299
18.96;-1.93518; 1.39494; -1.57299
18.976;-1.93317; 1.39494; -1.57299
18.992;-1.93116; 1.39494; -1.57299
19.008;-1.92915; 1.39495; -1.57299
19.024;-1.92714; 1.39495; -1.57299
19.04;-1.92513; 1.39496; -1.57299
19.056;-1.92312; 1.39496; -1.57299
19.072;-1.92111; 1.39497; -1.57299
19.088;-1.9191; 1.39497; -1.57299
19.104;-1.91709; 1.39498; -1.57299
19.12;-1.91508; 1.39498; -1.573
19.136;-1.91307; 1.39498; -1.573
19.152;-1.91106; 1.39499; -1.573
19.168;-1.90905; 1.39499; -1.57301
19.184;-1.90704; 1.395; -1.57301
19.2;-1.90503; 1.395; -1.57302
19.216;-1.90302; 1.39501; -1.57302
19.232;-1.90101; 1.39501; -1.57303
19.248;-1.899; 1.39502; -1.57303
19.264;-1.89699; 1.39502; -1.57304
19.28;-1.89498; 1.39502; -1.57304
19.296;-1.89298; 1.39503; -1.57305
19.312;-1.89097; 1.39503; -1.57305
19.328;-1.88896; 1.39504; -1.57306
19.344;-1.88695; 1.39504; -1.57306
19.36;-1.88494; 1.39505; -1.57307
19.376;-1.88293; 1.39505; -1.57307
19.392;-1.88092; 1.39506; -1.57307
19.408;-1.87891; 1.39506; -1.57307
19.424;-1.8769; 1.39507; -1.57308
19.44;-1.87489; 1.39507; -1.57308
19.456;-1.87288; 1.39507; -1.57308
19.472;-1.87087; 1.39508; -1.57308
19.488;-1.86886; 1.39508; -1.57308
19.504;-1.86685; 1.39509; -1.57308
19.52;-1.86484; 1.39509; -1.57308
19.536;-1.86283; 1.3951; -1.57308
19.552;-1.86082; 1.3951; -1.57308
19.568;-1.85881; 1.39511; -1.57308
19.584;-1.8568; 1.39511; -1.57307
19.6;-1.85479; 1.39512; -1.57307
19.616;-1.85278; 1.39512; -1.57307
19.632;-1.85077; 1.39513; -1.57307
19.648;-1.84876; 1.39513; -1.57306
19.664;-1.84675; 1.39513; -1.57306
19.68;-1.84475; 1.39514; -1.57306
19.696;-1.84274; 1.39514; -1.57305
19.712;-1.84073; 1.39515; -1.57305
19.728;-1.83872; 1.39515; -1.57304
19.744;-1.83671; 1.39516; -1.57304
19.76;-1.8347; 1.39516; -1.57303
19.776;-1.83269; 1.39517; -1.57302
19.792;-1.83068; 1.39517; -1.57302
19.808;-1.82867; 1.39517; -1.57301
19.824;-1.82666; 1.39518; -1.57301
19.84;-1.82465; 1.39518; -1.573
19.856;-1.82264; 1.39519; -1.573
19.872;-1.82063; 1.39519; -1.573
19.888;-1.81862; 1.3952; -1.57299
19.904;-1.81661; 1.3952; -1.57299
19.92;-1.8146; 1.39521; -1.57299
19.936;-1.81259; 1.39521; -1.57299
19.952;-1.81058; 1.39521; -1.57299
19.968;-1.80857; 1.39522; -1.57299
19.984;-1.80656; 1.39522; -1.57299
20;-1.80455; 1.39523; -1.57299
20.016;-1.80254; 1.39523; -1.57299
20.032;-1.80053; 1.39524; -1.57299
20.048;-1.79852; 1.39524; -1.57299
20.064;-1.79651; 1.39525; -1.57299
20.08;-1.79451; 1.39525; -1.57299
20.096;-1.7925; 1.39525; -1.57299
20.112;-1.79049; 1.39526; -1.573
20.128;-1.78848; 1.39526; -1.573
20.144;-1.78647; 1.39527; -1.573
20.16;-1.78446; 1.39527; -1.573
20.176;-1.78245; 1.39528; -1.57301
20.192;-1.78044; 1.39528; -1.57301
20.208;-1.77843; 1.39529; -1.57302
20.224;-1.77642; 1.39529; -1.57302
20.24;-1.77441; 1.39529; -1.57303
20.2561;-1.7724; 1.3953; -1.57303
20.2721;-1.77039; 1.3953; -1.57304
20.2881;-1.76838; 1.39531; -1.57304
20.3041;-1.76637; 1.39531; -1.57305
20.3201;-1.76436; 1.39532; -1.57305
20.3361;-1.76235; 1.39532; -1.57306
20.3521;-1.76034; 1.39533; -1.57306
20.3681;-1.75833; 1.39533; -1.57307
20.3841;-1.75632; 1.39533; -1.57307
20.4001;-1.75431; 1.39534; -1.57307
20.4161;-1.7523; 1.39534; -1.57308
20.4321;-1.75029; 1.39535; -1.57308
20.4481;-1.74828; 1.39535; -1.57308
20.4641;-1.74627; 1.39536; -1.57308
20.4801;-1.74427; 1.39536; -1.57308
20.4961;-1.74226; 1.39537; -1.57308
20.5121;-1.74025; 1.39537; -1.57308
20.5281;-1.73824; 1.39538; -1.57308
20.5441;-1.73623; 1.39538; -1.57308
20.5601;-1.73422; 1.39539; -1.57308
20.5761;-1.73221; 1.39539; -1.57308
20.5921;-1.7302; 1.39539; -1.57307
20.6081;-1.72819; 1.3954; -1.57307
20.6241;-1.72618; 1.3954; -1.57307
20.6401;-1.72417; 1.39541; -1.57307
20.6561;-1.72216; 1.39541; -1.57306
20.6721;-1.72015; 1.39542; -1.57306
20.6881;-1.71814; 1.39542; -1.57305
20.7041;-1.71613; 1.39543; -1.57305
20.7201;-1.71412; 1.39543; -1.57304
20.7361;-1.71211; 1.39544; -1.57304
20.7521;-1.7101; 1.39544; -1.57303
20.7681;-1.70809; 1.39544; -1.57303
20.7841;-1.70608; 1.39545; -1.57302
20.8001;-1.70407; 1.39545; -1.57302
20.8161;-1.70206; 1.39546; -1.57301
20.8321;-1.70005; 1.39546; -1.57301
20.8481;-1.69804; 1.39547; -1.573
20.8641;-1.69603; 1.39547; -1.573
20.8801;-1.69403; 1.39548; -1.573
20.8961;-1.69202; 1.39548; -1.57299
20.9121;-1.69001; 1.39548; -1.57299
20.9281;-1.688; 1.39549; -1.57299
20.9441;-1.68599; 1.39549; -1.57299
20.9601;-1.68398; 1.3955; -1.57299
20.9761;-1.68197; 1.3955; -1.57299
20.9921;-1.67996; 1.39551; -1.57299
21.0081;-1.67795; 1.39551; -1.57299
21.0241;-1.67594; 1.39552; -1.57299
21.0401;-1.67393; 1.39552; -1.57299
21.0561;-1.67192; 1.39552; -1.57299
21.0721;-1.66991; 1.39553; -1.57299
21.0881;-1.6679; 1.39553; -1.57299
21.1041;-1.66589; 1.39554; -1.57299
21.1201;-1.66388; 1.39554; -1.573
21.1361;-1.66187; 1.39555; -1.573
21.1521;-1.65986; 1.39555; -1.573
21.1681;-1.65785; 1.39556; -1.57301
21.1841;-1.65584; 1.39556; -1.57301
21.2001;-1.65383; 1.39556; -1.57302
21.2161;-1.65182; 1.39557; -1.57302
21.2321;-1.64981; 1.39557; -1.57303
21.2481;-1.6478; 1.39558; -1.57303
21.2641;-1.64579; 1.39558; -1.57304
21.2801;-1.64379; 1.39559; -1.57304
21.2961;-1.64178; 1.39559; -1.57305
21.3121;-1.63977; 1.3956; -1.57305
21.3281;-1.63776; 1.3956; -1.57306
21.3441;-1.63575; 1.3956; -1.57306
21.3601;-1.63374; 1.39561; -1.57306
21.3761;-1.63173; 1.39561; -1.57307
21.3921;-1.62972; 1.39562; -1.57307
21.4081;-1.62771; 1.39562; -1.57307
21.4241;-1.6257; 1.39563; -1.57308
21.4401;-1.62369; 1.39563; -1.57308
21.4561;-1.62168; 1.39564; -1.57308
21.4721;-1.61967; 1.39564; -1.57308
21.4881;-1.61766; 1.39565; -1.57308
21.5041;-1.61565; 1.39565; -1.57308
21.5201;-1.61364; 1.39565; -1.57308
21.5361;-1.61163; 1.39566; -1.57308
21.5521;-1.60962; 1.39566; -1.57308
21.5681;-1.60761; 1.39567; -1.57308
21.5841;-1.6056; 1.39567; -1.57308
21.6001;-1.60359; 1.39568; -1.57307
21.6161;-1.60158; 1.39568; -1.57307
21.6321;-1.59957; 1.39569; -1.57307
21.6481;-1.59756; 1.39569; -1.57307
21.6641;-1.59556; 1.3957; -1.57306
21.6801;-1.59355; 1.3957; -1.57306
